data;rank;nicho;região;nome;nota;avaliações;contato;WhatsApp/telefone normalizado;site atual;link Maps;motivo da abordagem;diagnóstico do site atual;conteúdo real extraído;serviços reais identificados;prova social real;identidade visual observada;imagens/logo aproveitáveis;slug sugerido;status redesign;URL curta gerada;print Maps;print site atual desktop;print site atual mobile;link wa.me preliminar;status;observações;Bloco 1 (Link);Bloco 2 (Proposta);Toque 1 (2 dias);Toque 2 (5 dias);Toque 3 (10 dias)
2026-07-23;1;Psicóloga;São Paulo - SP;Tatiana H. Abdo;não verificado;não verificado;"WhatsApp/Telegram público no site: (11) 99974-9694; tatiana.abdo@hotmail.com.br";+5511999749694;https://tatianaabdo.wixsite.com/psicologia;https://www.google.com/maps/search/?api=1&query=Tatiana%20H%20Abdo%20Psic%C3%B3loga%20S%C3%A3o%20Paulo%20Bela%20Vista;"Psicóloga clínica com CRP e contato direto, mas site Wix antigo com navegação simples e aparência de template.";"Site Wix datado, muito fragmentado por menus e blog, CTA pouco destacado e baixa hierarquia para agendamento via WhatsApp.";"Site informa Psicóloga Clínica Tatiana H. Abdo, CRP 06/87427, formação em Psicologia pela PUC-SP e Música pela EMESP, especialização em Psicodrama pela PUC-SP/COGEAE, endereço Rua Itapeva, 378, Bela Vista, São Paulo, telefone WhatsApp/Telegram e e-mail.";"Psicoterapia individual; psicoterapia em grupo; psicodrama; interface psicologia e música; blog Arte em SΨ.";"CRP 06/87427, formação PUC-SP e filiação à Sociedade de Psicodrama de São Paulo informadas no site.";"Wix antigo, visual institucional simples, tons claros e imagens pequenas de apoio.";"Imagens e elementos do Wix podem orientar a primeira versão, mas a identidade precisa de hierarquia mais profissional.";tatiana-h-abdo-psicologa-sao-paulo-sp;Aguardando redesign individual;;D:\LEONARDO\Drive\Projetos\funil-comercial\prospeccao-ativa-2026-07-23\prints\tatiana-h-abdo-psicologa-sao-paulo-sp-maps.png;D:\LEONARDO\Drive\Projetos\funil-comercial\prospeccao-ativa-2026-07-23\prints\tatiana-h-abdo-psicologa-sao-paulo-sp-desktop.png;D:\LEONARDO\Drive\Projetos\funil-comercial\prospeccao-ativa-2026-07-23\prints\tatiana-h-abdo-psicologa-sao-paulo-sp-mobile.png;https://wa.me/5511999749694;LEAD_QUALIFICADO_AGUARDANDO_REDESIGN_INDIVIDUAL;;"Olá! Tudo bem?

Aqui é o Leonardo Brasil. Encontrei o seu site e preparei, sem compromisso, uma nova versão com visual mais moderno e pronta para celular.

Quer que eu te envie o link para ver como ficou?

Me envie uma mensagem no WhatsApp 51 99256-8861 que eu te mando o link:
https://wa.me/5551992568861

Rascunho operacional para Tatiana: quando houver redesign individual, usar [INSERIR_LINK_DO_REDESIGN_APOS_CRIACAO].";"Tatiana, resumindo: eu transformaria o site atual em uma página mais moderna, clara e focada em agendamentos pelo WhatsApp, preservando os dados reais já publicados.

Valor único: R$497 pelo redesign.
Hospedagem/manutenção: R$37,90 por mês.";"Oi, Tatiana! Passando pra saber se você chegou a ver o site novo que te mandei.

Se tiver algo que você mudaria, uma cor, um texto, uma foto, eu ajusto pra ficar do seu jeito.";"Oi, Tatiana! Só pra deixar claro, esse é o trabalho que eu faço: ajudo profissionais como você a terem um site que traz mais pacientes, clientes ou consultas e passa mais autoridade.

Fiz o seu como demonstração, sem compromisso.

Se fizer sentido, te explico como deixar ele no ar. Quer que eu te mande os detalhes?";"Oi, Tatiana! Imagino que a correria da agenda tenha falado mais alto, sem problema.

Vou deixar o link no ar por mais 24 horas.

Se um dia quiser colocar no ar, é só me chamar que retomo na hora.

Sucesso!"
2026-07-23;2;Psicóloga;Curitiba - PR;Ester Nascimento;não verificado;não verificado;"Telefone/WhatsApp público no site: (41) 99830-0186; ester.nascimentur@gmail.com";+5541998300186;https://esternascimentur.wixsite.com/psicuritiba;https://www.google.com/maps/search/?api=1&query=Ester%20Nascimento%20Psic%C3%B3loga%20Curitiba;"Psicóloga clínica com CRP e WhatsApp direto, mas site Wix com rodapé/template pouco profissional.";"Página Wix curta, com pouco posicionamento visual, pouca prova de autoridade na primeira dobra e CTA de contato sem destaque.";"Site informa Ester Nascimento, psicóloga clínica CRP 08/35130, atendimento online e em Curitiba, contato por ligação, WhatsApp e e-mail.";"Psicoterapia online; atendimento psicológico em Curitiba; contato por WhatsApp, telefone e e-mail.";CRP 08/35130 e identificação como psicóloga clínica no site.;"Wix simples, poucos elementos de marca e aparência de página básica.";"Imagens do site podem ser reaproveitadas como referência leve; precisa de identidade mais clara.";ester-nascimento-psicologa-curitiba-pr;Aguardando redesign individual;;D:\LEONARDO\Drive\Projetos\funil-comercial\prospeccao-ativa-2026-07-23\prints\ester-nascimento-psicologa-curitiba-pr-maps.png;D:\LEONARDO\Drive\Projetos\funil-comercial\prospeccao-ativa-2026-07-23\prints\ester-nascimento-psicologa-curitiba-pr-desktop.png;D:\LEONARDO\Drive\Projetos\funil-comercial\prospeccao-ativa-2026-07-23\prints\ester-nascimento-psicologa-curitiba-pr-mobile.png;https://wa.me/5541998300186;LEAD_QUALIFICADO_AGUARDANDO_REDESIGN_INDIVIDUAL;;"Olá! Tudo bem?

Aqui é o Leonardo Brasil. Encontrei o seu site e preparei, sem compromisso, uma nova versão com visual mais moderno e pronta para celular.

Quer que eu te envie o link para ver como ficou?

Me envie uma mensagem no WhatsApp 51 99256-8861 que eu te mando o link:
https://wa.me/5551992568861

Rascunho operacional para Ester: quando houver redesign individual, usar [INSERIR_LINK_DO_REDESIGN_APOS_CRIACAO].";"Ester, resumindo: eu transformaria o site atual em uma página mais moderna, clara e focada em agendamentos pelo WhatsApp, preservando os dados reais já publicados.

Valor único: R$497 pelo redesign.
Hospedagem/manutenção: R$37,90 por mês.";"Oi, Ester! Passando pra saber se você chegou a ver o site novo que te mandei.

Se tiver algo que você mudaria, uma cor, um texto, uma foto, eu ajusto pra ficar do seu jeito.";"Oi, Ester! Só pra deixar claro, esse é o trabalho que eu faço: ajudo profissionais como você a terem um site que traz mais pacientes, clientes ou consultas e passa mais autoridade.

Fiz o seu como demonstração, sem compromisso.

Se fizer sentido, te explico como deixar ele no ar. Quer que eu te mande os detalhes?";"Oi, Ester! Imagino que a correria da agenda tenha falado mais alto, sem problema.

Vou deixar o link no ar por mais 24 horas.

Se um dia quiser colocar no ar, é só me chamar que retomo na hora.

Sucesso!"
2026-07-23;3;Psicóloga;Curitiba - PR;Bruna Calgaro;não verificado;não verificado;"Telefone e e-mail públicos no site: (41) 99669-3777; brunacalgaro.psi@gmail.com";+5541996693777;https://brunacalgaro.wixsite.com/psicologabruna;https://www.google.com/maps/search/?api=1&query=Bruna%20Calgaro%20Psic%C3%B3loga%20Curitiba%20Bigorrilho;"Psicóloga individual com CRP e contato direto, mas site Wix de estrutura simples e baixa sofisticação visual.";"Site Wix com conteúdo mínimo, CTA repetido por telefone e pouca organização de abordagem, público atendido e diferenciais.";"Site informa Bruna Calgaro, Psicologia CRP 08/36260, Bigorrilho Curitiba, telefone, e-mail e Instagram @brunacalgaro.psi.";"Psicologia clínica; atendimento por sessão; contato para agendamento.";CRP 08/36260 e canais públicos de contato no site.;"Visual Wix simples, com foto/imagens e poucos blocos comerciais.";Foto/imagens do site podem orientar o redesign.;bruna-calgaro-psicologa-curitiba-pr;Aguardando redesign individual;;D:\LEONARDO\Drive\Projetos\funil-comercial\prospeccao-ativa-2026-07-23\prints\bruna-calgaro-psicologa-curitiba-pr-maps.png;D:\LEONARDO\Drive\Projetos\funil-comercial\prospeccao-ativa-2026-07-23\prints\bruna-calgaro-psicologa-curitiba-pr-desktop.png;D:\LEONARDO\Drive\Projetos\funil-comercial\prospeccao-ativa-2026-07-23\prints\bruna-calgaro-psicologa-curitiba-pr-mobile.png;https://wa.me/5541996693777;LEAD_QUALIFICADO_AGUARDANDO_REDESIGN_INDIVIDUAL;;"Olá! Tudo bem?

Aqui é o Leonardo Brasil. Encontrei o seu site e preparei, sem compromisso, uma nova versão com visual mais moderno e pronta para celular.

Quer que eu te envie o link para ver como ficou?

Me envie uma mensagem no WhatsApp 51 99256-8861 que eu te mando o link:
https://wa.me/5551992568861

Rascunho operacional para Bruna: quando houver redesign individual, usar [INSERIR_LINK_DO_REDESIGN_APOS_CRIACAO].";"Bruna, resumindo: eu transformaria o site atual em uma página mais moderna, clara e focada em agendamentos pelo WhatsApp, preservando os dados reais já publicados.

Valor único: R$497 pelo redesign.
Hospedagem/manutenção: R$37,90 por mês.";"Oi, Bruna! Passando pra saber se você chegou a ver o site novo que te mandei.

Se tiver algo que você mudaria, uma cor, um texto, uma foto, eu ajusto pra ficar do seu jeito.";"Oi, Bruna! Só pra deixar claro, esse é o trabalho que eu faço: ajudo profissionais como você a terem um site que traz mais pacientes, clientes ou consultas e passa mais autoridade.

Fiz o seu como demonstração, sem compromisso.

Se fizer sentido, te explico como deixar ele no ar. Quer que eu te mande os detalhes?";"Oi, Bruna! Imagino que a correria da agenda tenha falado mais alto, sem problema.

Vou deixar o link no ar por mais 24 horas.

Se um dia quiser colocar no ar, é só me chamar que retomo na hora.

Sucesso!"
2026-07-23;4;Psicóloga;Campinas - SP;Betsabe Oliveira;não verificado;não verificado;Telefone também pelo WhatsApp no site: 997.017.828;+5519997017828;https://betsabeam.wixsite.com/psicologa;https://www.google.com/maps/search/?api=1&query=Betsabe%20Oliveira%20Psic%C3%B3loga%20Campinas%20Guanabara;"Psicóloga clínica em Campinas com CRP e WhatsApp, porém site Wix antigo com navegação pesada.";"Página com banner Wix, textos antigos, imagens pequenas e CTA de agendamento pouco valorizado; redesign pode concentrar abordagem, endereço e WhatsApp.";"Site informa Dra. Betsabe Oliveira, CRP 06/70.491, psicóloga clínica em Campinas, há 15 anos atuando com dificuldades emocionais, crises, dores e angústias, Abordagem Centrada na Pessoa, Rua Frei Manoel da Ressurreição 974, Guanabara, Campinas.";"Psicoterapia; psicoterapia de casal, individual e adolescente; Abordagem Centrada na Pessoa.";CRP 06/70.491 e menção a 15 anos de dedicação clínica no site.;"Wix antigo, galeria simples e estrutura de página de 2018.";Imagens de Psicóloga Campinas e elementos do site podem ser usados como referência.;betsabe-oliveira-psicologa-campinas-sp;Aguardando redesign individual;;D:\LEONARDO\Drive\Projetos\funil-comercial\prospeccao-ativa-2026-07-23\prints\betsabe-oliveira-psicologa-campinas-sp-maps.png;D:\LEONARDO\Drive\Projetos\funil-comercial\prospeccao-ativa-2026-07-23\prints\betsabe-oliveira-psicologa-campinas-sp-desktop.png;D:\LEONARDO\Drive\Projetos\funil-comercial\prospeccao-ativa-2026-07-23\prints\betsabe-oliveira-psicologa-campinas-sp-mobile.png;https://wa.me/5519997017828;LEAD_QUALIFICADO_AGUARDANDO_REDESIGN_INDIVIDUAL;;"Olá! Tudo bem?

Aqui é o Leonardo Brasil. Encontrei o seu site e preparei, sem compromisso, uma nova versão com visual mais moderno e pronta para celular.

Quer que eu te envie o link para ver como ficou?

Me envie uma mensagem no WhatsApp 51 99256-8861 que eu te mando o link:
https://wa.me/5551992568861

Rascunho operacional para Betsabe: quando houver redesign individual, usar [INSERIR_LINK_DO_REDESIGN_APOS_CRIACAO].";"Betsabe, resumindo: eu transformaria o site atual em uma página mais moderna, clara e focada em agendamentos pelo WhatsApp, preservando os dados reais já publicados.

Valor único: R$497 pelo redesign.
Hospedagem/manutenção: R$37,90 por mês.";"Oi, Betsabe! Passando pra saber se você chegou a ver o site novo que te mandei.

Se tiver algo que você mudaria, uma cor, um texto, uma foto, eu ajusto pra ficar do seu jeito.";"Oi, Betsabe! Só pra deixar claro, esse é o trabalho que eu faço: ajudo profissionais como você a terem um site que traz mais pacientes, clientes ou consultas e passa mais autoridade.

Fiz o seu como demonstração, sem compromisso.

Se fizer sentido, te explico como deixar ele no ar. Quer que eu te mande os detalhes?";"Oi, Betsabe! Imagino que a correria da agenda tenha falado mais alto, sem problema.

Vou deixar o link no ar por mais 24 horas.

Se um dia quiser colocar no ar, é só me chamar que retomo na hora.

Sucesso!"
2026-07-23;5;Psicóloga;São Paulo - SP;Gabriela Pacheco Lopes;não verificado;não verificado;"WhatsApp público no site: (11) 97317-2098; gabriela_plopes@hotmail.com";+5511973172098;https://gabrielapsicologia.wixsite.com/psicologia/c%C3%B3pia-home-1;https://www.google.com/maps/search/?api=1&query=Gabriela%20Pacheco%20Lopes%20Psic%C3%B3loga%20S%C3%A3o%20Paulo%20An%C3%A1lia%20Franco;"Psicóloga com oferta clara de neuropsicologia, mas site Wix com URL de cópia e estrutura visual datada.";"URL/caminho de cópia, blocos longos sobre neuropsicologia e CTA visual fraco reduzem confiança; redesign pode destacar avaliação neuropsicológica e WhatsApp.";"Site informa Psicóloga Gabriela Pacheco Lopes, CRP 06/119965, atendimento psicológico online, avaliação psicológica para cirurgia bariátrica, avaliação e reabilitação neuropsicológica, consultórios na Av. Sapopemba e Rua Emília Marengo, Anália Franco, São Paulo.";"Atendimento psicológico online; avaliação psicológica bariátrica; avaliação neuropsicológica; reabilitação neuropsicológica.";CRP 06/119965 e especialidades técnicas explicitadas no site.;"Wix com cartão/imagens, texto longo e navegação fragmentada.";Cartão de visita e imagens do site podem orientar a identidade.;gabriela-pacheco-lopes-psicologa-sao-paulo-sp;Aguardando redesign individual;;D:\LEONARDO\Drive\Projetos\funil-comercial\prospeccao-ativa-2026-07-23\prints\gabriela-pacheco-lopes-psicologa-sao-paulo-sp-maps.png;D:\LEONARDO\Drive\Projetos\funil-comercial\prospeccao-ativa-2026-07-23\prints\gabriela-pacheco-lopes-psicologa-sao-paulo-sp-desktop.png;D:\LEONARDO\Drive\Projetos\funil-comercial\prospeccao-ativa-2026-07-23\prints\gabriela-pacheco-lopes-psicologa-sao-paulo-sp-mobile.png;https://wa.me/5511973172098;LEAD_QUALIFICADO_AGUARDANDO_REDESIGN_INDIVIDUAL;;"Olá! Tudo bem?

Aqui é o Leonardo Brasil. Encontrei o seu site e preparei, sem compromisso, uma nova versão com visual mais moderno e pronta para celular.

Quer que eu te envie o link para ver como ficou?

Me envie uma mensagem no WhatsApp 51 99256-8861 que eu te mando o link:
https://wa.me/5551992568861

Rascunho operacional para Gabriela: quando houver redesign individual, usar [INSERIR_LINK_DO_REDESIGN_APOS_CRIACAO].";"Gabriela, resumindo: eu transformaria o site atual em uma página mais moderna, clara e focada em agendamentos pelo WhatsApp, preservando os dados reais já publicados.

Valor único: R$497 pelo redesign.
Hospedagem/manutenção: R$37,90 por mês.";"Oi, Gabriela! Passando pra saber se você chegou a ver o site novo que te mandei.

Se tiver algo que você mudaria, uma cor, um texto, uma foto, eu ajusto pra ficar do seu jeito.";"Oi, Gabriela! Só pra deixar claro, esse é o trabalho que eu faço: ajudo profissionais como você a terem um site que traz mais pacientes, clientes ou consultas e passa mais autoridade.

Fiz o seu como demonstração, sem compromisso.

Se fizer sentido, te explico como deixar ele no ar. Quer que eu te mande os detalhes?";"Oi, Gabriela! Imagino que a correria da agenda tenha falado mais alto, sem problema.

Vou deixar o link no ar por mais 24 horas.

Se um dia quiser colocar no ar, é só me chamar que retomo na hora.

Sucesso!"
2026-07-23;6;Psicóloga;Rio de Janeiro - RJ;Márcia Verônica;não verificado;não verificado;"Telefone ou WhatsApp público: 21 98752-3481; marciaveronica.psicologia@gmail.com";+5521987523481;https://marciaveronicapsi.wixsite.com/meusite;https://www.google.com/maps/search/?api=1&query=M%C3%A1rcia%20Ver%C3%B4nica%20Psicologia%20Rio%20de%20Janeiro;"Psicóloga com WhatsApp e serviços reais, mas site Wix simples e formulário genérico.";"Página Wix com pouco posicionamento, CTA textual e formulário básico; redesign pode organizar psicoterapia, coaching, treinamentos e contato.";"Site informa serviços especializados em Psicoterapia, Programas de Coaching e Treinamentos, telefone/WhatsApp e e-mail para contato.";"Psicoterapia; coaching; treinamentos.";"Serviços e contato públicos no site; presença profissional individual feminina.";"Wix antigo, visual simples e pouco diferenciado.";Ícones/redes e imagens do site podem ser reaproveitados como referência.;marcia-veronica-psicologa-rio-de-janeiro-rj;Aguardando redesign individual;;D:\LEONARDO\Drive\Projetos\funil-comercial\prospeccao-ativa-2026-07-23\prints\marcia-veronica-psicologa-rio-de-janeiro-rj-maps.png;D:\LEONARDO\Drive\Projetos\funil-comercial\prospeccao-ativa-2026-07-23\prints\marcia-veronica-psicologa-rio-de-janeiro-rj-desktop.png;D:\LEONARDO\Drive\Projetos\funil-comercial\prospeccao-ativa-2026-07-23\prints\marcia-veronica-psicologa-rio-de-janeiro-rj-mobile.png;https://wa.me/5521987523481;LEAD_QUALIFICADO_AGUARDANDO_REDESIGN_INDIVIDUAL;;"Olá! Tudo bem?

Aqui é o Leonardo Brasil. Encontrei o seu site e preparei, sem compromisso, uma nova versão com visual mais moderno e pronta para celular.

Quer que eu te envie o link para ver como ficou?

Me envie uma mensagem no WhatsApp 51 99256-8861 que eu te mando o link:
https://wa.me/5551992568861

Rascunho operacional para Márcia: quando houver redesign individual, usar [INSERIR_LINK_DO_REDESIGN_APOS_CRIACAO].";"Márcia, resumindo: eu transformaria o site atual em uma página mais moderna, clara e focada em agendamentos pelo WhatsApp, preservando os dados reais já publicados.

Valor único: R$497 pelo redesign.
Hospedagem/manutenção: R$37,90 por mês.";"Oi, Márcia! Passando pra saber se você chegou a ver o site novo que te mandei.

Se tiver algo que você mudaria, uma cor, um texto, uma foto, eu ajusto pra ficar do seu jeito.";"Oi, Márcia! Só pra deixar claro, esse é o trabalho que eu faço: ajudo profissionais como você a terem um site que traz mais pacientes, clientes ou consultas e passa mais autoridade.

Fiz o seu como demonstração, sem compromisso.

Se fizer sentido, te explico como deixar ele no ar. Quer que eu te mande os detalhes?";"Oi, Márcia! Imagino que a correria da agenda tenha falado mais alto, sem problema.

Vou deixar o link no ar por mais 24 horas.

Se um dia quiser colocar no ar, é só me chamar que retomo na hora.

Sucesso!"
2026-07-23;7;Psicóloga;Rio de Janeiro - RJ;Carolina Bittencourt;não verificado;não verificado;WhatsApp público no site: 21 993240851;+5521993240851;https://carolinabittencourt.wixsite.com/psicologacarolinab;https://www.google.com/maps/search/?api=1&query=Carolina%20Bittencourt%20Psic%C3%B3loga%20Barra%20da%20Tijuca%20Rio%20de%20Janeiro;"Psicóloga infantil/adolescentes com WhatsApp e site Wix, mas página antiga e com baixa força de conversão.";"Site Wix de 2021, conteúdo curto, CTA simples e pouca estrutura para explicar especialidade infantil/adolescente.";"Site informa Carolina Bittencourt, psicóloga formada pela PUC Rio, atendimento online para todo o Brasil, Barra da Tijuca/RJ e WhatsApp para dúvidas e primeira entrevista.";"Psicoterapia infantil e de adolescentes; atendimento online; primeira entrevista pelo WhatsApp.";CRP 05/64826 aparece no resultado público e site identifica formação PUC Rio.;"Wix simples, imagem pessoal e blog curto.";Foto da profissional e elementos do site podem orientar a página.;carolina-bittencourt-psicologa-rio-de-janeiro-rj;Aguardando redesign individual;;D:\LEONARDO\Drive\Projetos\funil-comercial\prospeccao-ativa-2026-07-23\prints\carolina-bittencourt-psicologa-rio-de-janeiro-rj-maps.png;D:\LEONARDO\Drive\Projetos\funil-comercial\prospeccao-ativa-2026-07-23\prints\carolina-bittencourt-psicologa-rio-de-janeiro-rj-desktop.png;D:\LEONARDO\Drive\Projetos\funil-comercial\prospeccao-ativa-2026-07-23\prints\carolina-bittencourt-psicologa-rio-de-janeiro-rj-mobile.png;https://wa.me/5521993240851;LEAD_QUALIFICADO_AGUARDANDO_REDESIGN_INDIVIDUAL;;"Olá! Tudo bem?

Aqui é o Leonardo Brasil. Encontrei o seu site e preparei, sem compromisso, uma nova versão com visual mais moderno e pronta para celular.

Quer que eu te envie o link para ver como ficou?

Me envie uma mensagem no WhatsApp 51 99256-8861 que eu te mando o link:
https://wa.me/5551992568861

Rascunho operacional para Carolina: quando houver redesign individual, usar [INSERIR_LINK_DO_REDESIGN_APOS_CRIACAO].";"Carolina, resumindo: eu transformaria o site atual em uma página mais moderna, clara e focada em agendamentos pelo WhatsApp, preservando os dados reais já publicados.

Valor único: R$497 pelo redesign.
Hospedagem/manutenção: R$37,90 por mês.";"Oi, Carolina! Passando pra saber se você chegou a ver o site novo que te mandei.

Se tiver algo que você mudaria, uma cor, um texto, uma foto, eu ajusto pra ficar do seu jeito.";"Oi, Carolina! Só pra deixar claro, esse é o trabalho que eu faço: ajudo profissionais como você a terem um site que traz mais pacientes, clientes ou consultas e passa mais autoridade.

Fiz o seu como demonstração, sem compromisso.

Se fizer sentido, te explico como deixar ele no ar. Quer que eu te mande os detalhes?";"Oi, Carolina! Imagino que a correria da agenda tenha falado mais alto, sem problema.

Vou deixar o link no ar por mais 24 horas.

Se um dia quiser colocar no ar, é só me chamar que retomo na hora.

Sucesso!"
2026-07-23;8;Psicóloga;São Paulo - SP;Érica Romero;não verificado;não verificado;"Contato público no site: +55 (11) 9 7235-1727; erica_romeropsi@hotmail.com";+5511972351727;https://ericaromeropsi.wixsite.com/inicio;https://www.google.com/maps/search/?api=1&query=%C3%89rica%20Romero%20Psic%C3%B3loga%20Perdizes%20S%C3%A3o%20Paulo;"Psicóloga em São Paulo com CRP e contato direto, mas Google/Wix site simples e pouco persuasivo.";"Página com conteúdo básico, pouca prova social e CTA de agendamento sem hierarquia; redesign pode ordenar serviços, localização e WhatsApp.";"Site informa Érica Romero, formada em Psicologia pela PUC-SP, CRP 06/116476, atendimento em Perdizes, São Paulo, contato por telefone e e-mail.";"Atendimento psicológico para crianças e adultos; agendamento de sessão.";CRP 06/116476 e formação PUC-SP informadas no site.;"Visual simples, poucas seções e baixa diferenciação visual.";Imagens e foto do site podem ser aproveitadas.;erica-romero-psicologa-sao-paulo-sp;Aguardando redesign individual;;D:\LEONARDO\Drive\Projetos\funil-comercial\prospeccao-ativa-2026-07-23\prints\erica-romero-psicologa-sao-paulo-sp-maps.png;D:\LEONARDO\Drive\Projetos\funil-comercial\prospeccao-ativa-2026-07-23\prints\erica-romero-psicologa-sao-paulo-sp-desktop.png;D:\LEONARDO\Drive\Projetos\funil-comercial\prospeccao-ativa-2026-07-23\prints\erica-romero-psicologa-sao-paulo-sp-mobile.png;https://wa.me/5511972351727;LEAD_QUALIFICADO_AGUARDANDO_REDESIGN_INDIVIDUAL;;"Olá! Tudo bem?

Aqui é o Leonardo Brasil. Encontrei o seu site e preparei, sem compromisso, uma nova versão com visual mais moderno e pronta para celular.

Quer que eu te envie o link para ver como ficou?

Me envie uma mensagem no WhatsApp 51 99256-8861 que eu te mando o link:
https://wa.me/5551992568861

Rascunho operacional para Érica: quando houver redesign individual, usar [INSERIR_LINK_DO_REDESIGN_APOS_CRIACAO].";"Érica, resumindo: eu transformaria o site atual em uma página mais moderna, clara e focada em agendamentos pelo WhatsApp, preservando os dados reais já publicados.

Valor único: R$497 pelo redesign.
Hospedagem/manutenção: R$37,90 por mês.";"Oi, Érica! Passando pra saber se você chegou a ver o site novo que te mandei.

Se tiver algo que você mudaria, uma cor, um texto, uma foto, eu ajusto pra ficar do seu jeito.";"Oi, Érica! Só pra deixar claro, esse é o trabalho que eu faço: ajudo profissionais como você a terem um site que traz mais pacientes, clientes ou consultas e passa mais autoridade.

Fiz o seu como demonstração, sem compromisso.

Se fizer sentido, te explico como deixar ele no ar. Quer que eu te mande os detalhes?";"Oi, Érica! Imagino que a correria da agenda tenha falado mais alto, sem problema.

Vou deixar o link no ar por mais 24 horas.

Se um dia quiser colocar no ar, é só me chamar que retomo na hora.

Sucesso!"
2026-07-23;9;Psicóloga;Curitiba - PR;Nicole Hempel;não verificado;não verificado;"WhatsApp público: 41 9 9516-8483; psi.nicolehempel@gmail.com";+5541995168483;https://psinicolehempel.wixsite.com/website;https://www.google.com/maps/search/?api=1&query=Nicole%20Hempel%20Psic%C3%B3loga%20Curitiba;"Psicóloga clínica em Curitiba com CRP e WhatsApp, mas site Wix simples e pouco comercial.";"Página Wix com conteúdo institucional curto, CTA pouco destacado e estrutura básica; redesign pode evidenciar TCC, avaliação psicológica e WhatsApp.";"Site informa Nicole Hempel dos Santos, psicóloga CRP 08/30115, formada pela Faculdades Pequeno Príncipe, pós em Terapia Cognitiva Comportamental, Avaliação Psicológica/Psicodiagnóstico e Terapia do Esquema, Curitiba/PR.";"Psicóloga online; psicoterapia; avaliação psicológica/psicodiagnóstico; TCC e Terapia do Esquema.";CRP 08/30115 e formações publicadas no site.;"Wix com visual simples, fotos e textos de apresentação.";Foto e imagens do site podem orientar o redesign.;nicole-hempel-psicologa-curitiba-pr;Aguardando redesign individual;;D:\LEONARDO\Drive\Projetos\funil-comercial\prospeccao-ativa-2026-07-23\prints\nicole-hempel-psicologa-curitiba-pr-maps.png;D:\LEONARDO\Drive\Projetos\funil-comercial\prospeccao-ativa-2026-07-23\prints\nicole-hempel-psicologa-curitiba-pr-desktop.png;D:\LEONARDO\Drive\Projetos\funil-comercial\prospeccao-ativa-2026-07-23\prints\nicole-hempel-psicologa-curitiba-pr-mobile.png;https://wa.me/5541995168483;LEAD_QUALIFICADO_AGUARDANDO_REDESIGN_INDIVIDUAL;;"Olá! Tudo bem?

Aqui é o Leonardo Brasil. Encontrei o seu site e preparei, sem compromisso, uma nova versão com visual mais moderno e pronta para celular.

Quer que eu te envie o link para ver como ficou?

Me envie uma mensagem no WhatsApp 51 99256-8861 que eu te mando o link:
https://wa.me/5551992568861

Rascunho operacional para Nicole: quando houver redesign individual, usar [INSERIR_LINK_DO_REDESIGN_APOS_CRIACAO].";"Nicole, resumindo: eu transformaria o site atual em uma página mais moderna, clara e focada em agendamentos pelo WhatsApp, preservando os dados reais já publicados.

Valor único: R$497 pelo redesign.
Hospedagem/manutenção: R$37,90 por mês.";"Oi, Nicole! Passando pra saber se você chegou a ver o site novo que te mandei.

Se tiver algo que você mudaria, uma cor, um texto, uma foto, eu ajusto pra ficar do seu jeito.";"Oi, Nicole! Só pra deixar claro, esse é o trabalho que eu faço: ajudo profissionais como você a terem um site que traz mais pacientes, clientes ou consultas e passa mais autoridade.

Fiz o seu como demonstração, sem compromisso.

Se fizer sentido, te explico como deixar ele no ar. Quer que eu te mande os detalhes?";"Oi, Nicole! Imagino que a correria da agenda tenha falado mais alto, sem problema.

Vou deixar o link no ar por mais 24 horas.

Se um dia quiser colocar no ar, é só me chamar que retomo na hora.

Sucesso!"
2026-07-23;10;Psicóloga;São Paulo - SP;Norma Miguel;não verificado;não verificado;WhatsApp público no site: (11) 99382-9514;+5511993829514;https://normamiguel.wixsite.com/psicologa;https://www.google.com/maps/search/?api=1&query=Norma%20Miguel%20Psic%C3%B3loga%20Jaguar%C3%A9%20S%C3%A3o%20Paulo;"Psicóloga com CRP e WhatsApp em São Paulo, mas página Wix antiga e visualmente pobre.";"Site tem informação de contato e horário, mas quase não organiza abordagem, público atendido ou benefícios; redesign pode dar autoridade e facilitar agendamento.";"Site informa Psicóloga em São Paulo no Jaguaré, CRP 06/31899, endereço Rua Dr. Agenor Fernandes Barbosa, 130, horário de funcionamento e contato WhatsApp.";"Atendimento psicológico presencial/online; agendamento por WhatsApp.";"CRP 06/31899, endereço e WhatsApp publicados no site.";"Wix antigo, conteúdo enxuto e pouca identidade visual.";"Poucos elementos aproveitáveis; precisa de construção visual nova preservando dados.";norma-miguel-psicologa-sao-paulo-sp;Aguardando redesign individual;;D:\LEONARDO\Drive\Projetos\funil-comercial\prospeccao-ativa-2026-07-23\prints\norma-miguel-psicologa-sao-paulo-sp-maps.png;D:\LEONARDO\Drive\Projetos\funil-comercial\prospeccao-ativa-2026-07-23\prints\norma-miguel-psicologa-sao-paulo-sp-desktop.png;D:\LEONARDO\Drive\Projetos\funil-comercial\prospeccao-ativa-2026-07-23\prints\norma-miguel-psicologa-sao-paulo-sp-mobile.png;https://wa.me/5511993829514;LEAD_QUALIFICADO_AGUARDANDO_REDESIGN_INDIVIDUAL;;"Olá! Tudo bem?

Aqui é o Leonardo Brasil. Encontrei o seu site e preparei, sem compromisso, uma nova versão com visual mais moderno e pronta para celular.

Quer que eu te envie o link para ver como ficou?

Me envie uma mensagem no WhatsApp 51 99256-8861 que eu te mando o link:
https://wa.me/5551992568861

Rascunho operacional para Norma: quando houver redesign individual, usar [INSERIR_LINK_DO_REDESIGN_APOS_CRIACAO].";"Norma, resumindo: eu transformaria o site atual em uma página mais moderna, clara e focada em agendamentos pelo WhatsApp, preservando os dados reais já publicados.

Valor único: R$497 pelo redesign.
Hospedagem/manutenção: R$37,90 por mês.";"Oi, Norma! Passando pra saber se você chegou a ver o site novo que te mandei.

Se tiver algo que você mudaria, uma cor, um texto, uma foto, eu ajusto pra ficar do seu jeito.";"Oi, Norma! Só pra deixar claro, esse é o trabalho que eu faço: ajudo profissionais como você a terem um site que traz mais pacientes, clientes ou consultas e passa mais autoridade.

Fiz o seu como demonstração, sem compromisso.

Se fizer sentido, te explico como deixar ele no ar. Quer que eu te mande os detalhes?";"Oi, Norma! Imagino que a correria da agenda tenha falado mais alto, sem problema.

Vou deixar o link no ar por mais 24 horas.

Se um dia quiser colocar no ar, é só me chamar que retomo na hora.

Sucesso!"
2026-07-23;11;Psicóloga / Psicanalista;São Paulo - SP;Christiane Aguiar;não verificado;não verificado;"Telefone público no Google Sites: (11) 98525-9616; chrisaguiarpsicologia@gmail.com";+5511985259616;https://sites.google.com/site/christianeaguiarpsicologa;https://www.google.com/maps/search/?api=1&query=Christiane%20Aguiar%20Psic%C3%B3loga%20S%C3%A3o%20Paulo%20Santana;"Psicóloga com CRP e contato direto em Google Sites antigo, forte oportunidade de modernização.";"Google Sites clássico com aparência datada, pouca hierarquia e praticamente sem jornada de agendamento; redesign pode reforçar clínica, gravidez e psicanálise.";"Site informa Christiane Aguiar, CRP 06/103011, Psicologia Clínica, Psicologia Hospitalar, Psicóloga da Gravidez, membro filiado à Sociedade Brasileira de Psicanálise, endereço Rua Voluntários da Pátria 3744, Santana, São Paulo.";"Psicologia clínica; psicologia hospitalar; psicologia da gravidez; psicanálise.";CRP 06/103011 e filiação à Sociedade Brasileira de Psicanálise informadas no site.;"Google Sites muito básico, sem identidade visual forte.";"Poucos ativos; conteúdo e dados profissionais são o principal insumo.";christiane-aguiar-psicologa-psicanalista-sao-paulo-sp;Aguardando redesign individual;;D:\LEONARDO\Drive\Projetos\funil-comercial\prospeccao-ativa-2026-07-23\prints\christiane-aguiar-psicologa-psicanalista-sao-paulo-sp-maps.png;D:\LEONARDO\Drive\Projetos\funil-comercial\prospeccao-ativa-2026-07-23\prints\christiane-aguiar-psicologa-psicanalista-sao-paulo-sp-desktop.png;D:\LEONARDO\Drive\Projetos\funil-comercial\prospeccao-ativa-2026-07-23\prints\christiane-aguiar-psicologa-psicanalista-sao-paulo-sp-mobile.png;https://wa.me/5511985259616;LEAD_QUALIFICADO_AGUARDANDO_REDESIGN_INDIVIDUAL;;"Olá! Tudo bem?

Aqui é o Leonardo Brasil. Encontrei o seu site e preparei, sem compromisso, uma nova versão com visual mais moderno e pronta para celular.

Quer que eu te envie o link para ver como ficou?

Me envie uma mensagem no WhatsApp 51 99256-8861 que eu te mando o link:
https://wa.me/5551992568861

Rascunho operacional para Christiane: quando houver redesign individual, usar [INSERIR_LINK_DO_REDESIGN_APOS_CRIACAO].";"Christiane, resumindo: eu transformaria o site atual em uma página mais moderna, clara e focada em agendamentos pelo WhatsApp, preservando os dados reais já publicados.

Valor único: R$497 pelo redesign.
Hospedagem/manutenção: R$37,90 por mês.";"Oi, Christiane! Passando pra saber se você chegou a ver o site novo que te mandei.

Se tiver algo que você mudaria, uma cor, um texto, uma foto, eu ajusto pra ficar do seu jeito.";"Oi, Christiane! Só pra deixar claro, esse é o trabalho que eu faço: ajudo profissionais como você a terem um site que traz mais pacientes, clientes ou consultas e passa mais autoridade.

Fiz o seu como demonstração, sem compromisso.

Se fizer sentido, te explico como deixar ele no ar. Quer que eu te mande os detalhes?";"Oi, Christiane! Imagino que a correria da agenda tenha falado mais alto, sem problema.

Vou deixar o link no ar por mais 24 horas.

Se um dia quiser colocar no ar, é só me chamar que retomo na hora.

Sucesso!"
2026-07-23;12;Psicóloga;São Paulo - SP;Natasha Takuno Hespanhol;não verificado;não verificado;"WhatsApp público no Google Sites: (11) 96428-9472; natasha.takuno@gmail.com";+5511964289472;https://sites.google.com/view/psicologa-natasha-takuno;https://www.google.com/maps/search/?api=1&query=Natasha%20Takuno%20Hespanhol%20Psic%C3%B3loga%20S%C3%A3o%20Paulo;"Psicóloga com CRP e WhatsApp em Google Sites, mas apresentação visual muito simples.";"Site Google Sites básico, CTA de primeira consulta pouco sofisticado e pouca organização visual de perguntas frequentes; redesign pode melhorar autoridade e conversão.";"Site informa Natasha Takuno Hespanhol, psicóloga CRP 06/157080, WhatsApp, e-mail, cursos em prevenção ao suicídio, psicoterapia daseinsanalítica e transtornos mentais graves.";"Psicoterapia; primeira consulta; perguntas frequentes; atendimento psicológico.";CRP 06/157080 e cursos listados no site.;"Google Sites simples, texto e imagens básicos.";Imagens do site podem ser usadas como referência secundária.;natasha-takuno-hespanhol-psicologa-sao-paulo-sp;Aguardando redesign individual;;D:\LEONARDO\Drive\Projetos\funil-comercial\prospeccao-ativa-2026-07-23\prints\natasha-takuno-hespanhol-psicologa-sao-paulo-sp-maps.png;D:\LEONARDO\Drive\Projetos\funil-comercial\prospeccao-ativa-2026-07-23\prints\natasha-takuno-hespanhol-psicologa-sao-paulo-sp-desktop.png;D:\LEONARDO\Drive\Projetos\funil-comercial\prospeccao-ativa-2026-07-23\prints\natasha-takuno-hespanhol-psicologa-sao-paulo-sp-mobile.png;https://wa.me/5511964289472;LEAD_QUALIFICADO_AGUARDANDO_REDESIGN_INDIVIDUAL;;"Olá! Tudo bem?

Aqui é o Leonardo Brasil. Encontrei o seu site e preparei, sem compromisso, uma nova versão com visual mais moderno e pronta para celular.

Quer que eu te envie o link para ver como ficou?

Me envie uma mensagem no WhatsApp 51 99256-8861 que eu te mando o link:
https://wa.me/5551992568861

Rascunho operacional para Natasha: quando houver redesign individual, usar [INSERIR_LINK_DO_REDESIGN_APOS_CRIACAO].";"Natasha, resumindo: eu transformaria o site atual em uma página mais moderna, clara e focada em agendamentos pelo WhatsApp, preservando os dados reais já publicados.

Valor único: R$497 pelo redesign.
Hospedagem/manutenção: R$37,90 por mês.";"Oi, Natasha! Passando pra saber se você chegou a ver o site novo que te mandei.

Se tiver algo que você mudaria, uma cor, um texto, uma foto, eu ajusto pra ficar do seu jeito.";"Oi, Natasha! Só pra deixar claro, esse é o trabalho que eu faço: ajudo profissionais como você a terem um site que traz mais pacientes, clientes ou consultas e passa mais autoridade.

Fiz o seu como demonstração, sem compromisso.

Se fizer sentido, te explico como deixar ele no ar. Quer que eu te mande os detalhes?";"Oi, Natasha! Imagino que a correria da agenda tenha falado mais alto, sem problema.

Vou deixar o link no ar por mais 24 horas.

Se um dia quiser colocar no ar, é só me chamar que retomo na hora.

Sucesso!"
2026-07-23;13;Psicóloga / Psicanalista;São Paulo - SP;Célia Chamorro;não verificado;não verificado;"Tel/WhatsApp público no site: (11) 94760-5521; celiachamorro@hotmail.com";+5511947605521;https://sites.google.com/view/psicologacelia;https://www.google.com/maps/search/?api=1&query=C%C3%A9lia%20Chamorro%20Psic%C3%B3loga%20S%C3%A3o%20Paulo%20Tatuap%C3%A9;"Psicóloga e psicanalista com CRP e WhatsApp, mas Google Sites visualmente datado.";"Página simples com formação e contato, sem CTA forte, prova social ou blocos escaneáveis para decisão de agendamento.";"Site informa formação em Psicologia pela Universidade São Marcos, CRP 06/94405, experiência em psicologia clínica, formação em Psicanálise pela CLIPP, extensão em TCC, atendimento online e presencial na Vila Regente Feijó, São Paulo.";"Psicologia clínica; psicanálise; terapia online e presencial.";"CRP 06/94405, formações e experiência clínica indicadas no site.";"Google Sites antigo, texto institucional e imagens básicas.";"Imagens simples do site podem orientar, mas requer refinamento visual.";celia-chamorro-psicologa-psicanalista-sao-paulo-sp;Aguardando redesign individual;;D:\LEONARDO\Drive\Projetos\funil-comercial\prospeccao-ativa-2026-07-23\prints\celia-chamorro-psicologa-psicanalista-sao-paulo-sp-maps.png;D:\LEONARDO\Drive\Projetos\funil-comercial\prospeccao-ativa-2026-07-23\prints\celia-chamorro-psicologa-psicanalista-sao-paulo-sp-desktop.png;D:\LEONARDO\Drive\Projetos\funil-comercial\prospeccao-ativa-2026-07-23\prints\celia-chamorro-psicologa-psicanalista-sao-paulo-sp-mobile.png;https://wa.me/5511947605521;LEAD_QUALIFICADO_AGUARDANDO_REDESIGN_INDIVIDUAL;;"Olá! Tudo bem?

Aqui é o Leonardo Brasil. Encontrei o seu site e preparei, sem compromisso, uma nova versão com visual mais moderno e pronta para celular.

Quer que eu te envie o link para ver como ficou?

Me envie uma mensagem no WhatsApp 51 99256-8861 que eu te mando o link:
https://wa.me/5551992568861

Rascunho operacional para Célia: quando houver redesign individual, usar [INSERIR_LINK_DO_REDESIGN_APOS_CRIACAO].";"Célia, resumindo: eu transformaria o site atual em uma página mais moderna, clara e focada em agendamentos pelo WhatsApp, preservando os dados reais já publicados.

Valor único: R$497 pelo redesign.
Hospedagem/manutenção: R$37,90 por mês.";"Oi, Célia! Passando pra saber se você chegou a ver o site novo que te mandei.

Se tiver algo que você mudaria, uma cor, um texto, uma foto, eu ajusto pra ficar do seu jeito.";"Oi, Célia! Só pra deixar claro, esse é o trabalho que eu faço: ajudo profissionais como você a terem um site que traz mais pacientes, clientes ou consultas e passa mais autoridade.

Fiz o seu como demonstração, sem compromisso.

Se fizer sentido, te explico como deixar ele no ar. Quer que eu te mande os detalhes?";"Oi, Célia! Imagino que a correria da agenda tenha falado mais alto, sem problema.

Vou deixar o link no ar por mais 24 horas.

Se um dia quiser colocar no ar, é só me chamar que retomo na hora.

Sucesso!"
2026-07-23;14;Psicóloga;São Paulo - SP;Tatiane Campos;não verificado;não verificado;"Celular/WhatsApp público no site: (11) 96759-0499; psicologia.dcampos@gmail.com";+5511967590499;https://sites.google.com/view/psicologadcampos;https://www.google.com/maps/search/?api=1&query=Tatiane%20Campos%20Psic%C3%B3loga%20S%C3%A3o%20Mateus%20S%C3%A3o%20Paulo;"Psicóloga com CRP, WhatsApp e domínio próprio apontado, mas Google Sites básico.";"Site atual tem contato e localização, porém pouca estrutura de serviços, prova social e diferenciais; redesign pode profissionalizar a presença.";"Site informa Psicóloga Tatiane Campos, CRP 06/131050, atendimento presencial na região de São Mateus, Zona Leste, atendimento online pelo WhatsApp, celular, e-mail e site psicologadcampos.com.br.";"Atendimento psicológico presencial; atendimento online; agendamento por WhatsApp.";CRP 06/131050 e contato público no site.;"Google Sites simples, sem identidade visual robusta.";"Poucos ativos visuais; usar dados reais e contato como base.";tatiane-campos-psicologa-sao-paulo-sp;Aguardando redesign individual;;D:\LEONARDO\Drive\Projetos\funil-comercial\prospeccao-ativa-2026-07-23\prints\tatiane-campos-psicologa-sao-paulo-sp-maps.png;D:\LEONARDO\Drive\Projetos\funil-comercial\prospeccao-ativa-2026-07-23\prints\tatiane-campos-psicologa-sao-paulo-sp-desktop.png;D:\LEONARDO\Drive\Projetos\funil-comercial\prospeccao-ativa-2026-07-23\prints\tatiane-campos-psicologa-sao-paulo-sp-mobile.png;https://wa.me/5511967590499;LEAD_QUALIFICADO_AGUARDANDO_REDESIGN_INDIVIDUAL;;"Olá! Tudo bem?

Aqui é o Leonardo Brasil. Encontrei o seu site e preparei, sem compromisso, uma nova versão com visual mais moderno e pronta para celular.

Quer que eu te envie o link para ver como ficou?

Me envie uma mensagem no WhatsApp 51 99256-8861 que eu te mando o link:
https://wa.me/5551992568861

Rascunho operacional para Tatiane: quando houver redesign individual, usar [INSERIR_LINK_DO_REDESIGN_APOS_CRIACAO].";"Tatiane, resumindo: eu transformaria o site atual em uma página mais moderna, clara e focada em agendamentos pelo WhatsApp, preservando os dados reais já publicados.

Valor único: R$497 pelo redesign.
Hospedagem/manutenção: R$37,90 por mês.";"Oi, Tatiane! Passando pra saber se você chegou a ver o site novo que te mandei.

Se tiver algo que você mudaria, uma cor, um texto, uma foto, eu ajusto pra ficar do seu jeito.";"Oi, Tatiane! Só pra deixar claro, esse é o trabalho que eu faço: ajudo profissionais como você a terem um site que traz mais pacientes, clientes ou consultas e passa mais autoridade.

Fiz o seu como demonstração, sem compromisso.

Se fizer sentido, te explico como deixar ele no ar. Quer que eu te mande os detalhes?";"Oi, Tatiane! Imagino que a correria da agenda tenha falado mais alto, sem problema.

Vou deixar o link no ar por mais 24 horas.

Se um dia quiser colocar no ar, é só me chamar que retomo na hora.

Sucesso!"
2026-07-23;15;Psicóloga;Rio de Janeiro - RJ;Edna Guedes;não verificado;não verificado;"WhatsApp público no site: +55 21 99721-0154; PsicologaEdnaGuedes@gmail.com";+5521997210154;https://sites.google.com/view/psicologaednaguedes/;https://www.google.com/maps/search/?api=1&query=Psic%C3%B3loga%20Edna%20Guedes%20Barra%20da%20Tijuca%20Rio%20de%20Janeiro;"Psicóloga para adolescentes com WhatsApp e muitas avaliações, mas Google Sites longo e pouco elegante.";"Página extensa em Google Sites, com depoimentos longos e excesso de texto; redesign pode transformar prova social em seções curtas e CTA forte.";"Site informa Psicóloga Edna Guedes Teixeira da Silva, CRP 05/55636, psicologia para adolescente na Barra da Tijuca, Blue Center Mall, Av. das Américas 12300, telefone, e-mail e chamada para agendamento por WhatsApp.";"Psicologia para adolescentes; atendimento com família; consulta presencial na Barra da Tijuca.";CRP 05/55636 e várias avaliações Google 5 estrelas citadas no site.;"Google Sites com muitos blocos, depoimentos extensos e imagens do local.";Fotos do Blue Center Mall e avaliações podem orientar o redesign.;edna-guedes-psicologa-rio-de-janeiro-rj;Aguardando redesign individual;;D:\LEONARDO\Drive\Projetos\funil-comercial\prospeccao-ativa-2026-07-23\prints\edna-guedes-psicologa-rio-de-janeiro-rj-maps.png;D:\LEONARDO\Drive\Projetos\funil-comercial\prospeccao-ativa-2026-07-23\prints\edna-guedes-psicologa-rio-de-janeiro-rj-desktop.png;D:\LEONARDO\Drive\Projetos\funil-comercial\prospeccao-ativa-2026-07-23\prints\edna-guedes-psicologa-rio-de-janeiro-rj-mobile.png;https://wa.me/5521997210154;LEAD_QUALIFICADO_AGUARDANDO_REDESIGN_INDIVIDUAL;;"Olá! Tudo bem?

Aqui é o Leonardo Brasil. Encontrei o seu site e preparei, sem compromisso, uma nova versão com visual mais moderno e pronta para celular.

Quer que eu te envie o link para ver como ficou?

Me envie uma mensagem no WhatsApp 51 99256-8861 que eu te mando o link:
https://wa.me/5551992568861

Rascunho operacional para Edna: quando houver redesign individual, usar [INSERIR_LINK_DO_REDESIGN_APOS_CRIACAO].";"Edna, resumindo: eu transformaria o site atual em uma página mais moderna, clara e focada em agendamentos pelo WhatsApp, preservando os dados reais já publicados.

Valor único: R$497 pelo redesign.
Hospedagem/manutenção: R$37,90 por mês.";"Oi, Edna! Passando pra saber se você chegou a ver o site novo que te mandei.

Se tiver algo que você mudaria, uma cor, um texto, uma foto, eu ajusto pra ficar do seu jeito.";"Oi, Edna! Só pra deixar claro, esse é o trabalho que eu faço: ajudo profissionais como você a terem um site que traz mais pacientes, clientes ou consultas e passa mais autoridade.

Fiz o seu como demonstração, sem compromisso.

Se fizer sentido, te explico como deixar ele no ar. Quer que eu te mande os detalhes?";"Oi, Edna! Imagino que a correria da agenda tenha falado mais alto, sem problema.

Vou deixar o link no ar por mais 24 horas.

Se um dia quiser colocar no ar, é só me chamar que retomo na hora.

Sucesso!"
2026-07-23;16;Psicóloga;Curitiba - PR;Maria Cristina Delattre;não verificado;não verificado;WhatsApp público no site: (41) 99679-8182;+5541996798182;https://sites.google.com/site/psicologamariacristinadelattre;https://www.google.com/maps/search/?api=1&query=Maria%20Cristina%20Delattre%20Psic%C3%B3loga%20Curitiba%20Cabral;"Psicóloga com CRP e formação forte, mas Google Sites clássico datado.";"Página muito antiga visualmente, com texto técnico longo e pouco CTA; redesign pode organizar TCC, formação e contato em primeira dobra.";"Site informa Psicóloga Maria Cristina Delattre, CRP 08/04151, formação pela UFPR, especialista em Psicoterapia Cognitiva Comportamental, membro da ABPC e IACP, atendimento presencial e online em Curitiba, R. Dr Manoel Pedro, 365, Cabral.";"Psicoterapia cognitivo-comportamental; atendimento presencial e online.";"CRP 08/04151, formação UFPR e associações ABPC/IACP publicadas.";"Google Sites antigo, quase sem branding moderno.";Conteúdo técnico e dados de formação são o principal insumo.;maria-cristina-delattre-psicologa-curitiba-pr;Aguardando redesign individual;;D:\LEONARDO\Drive\Projetos\funil-comercial\prospeccao-ativa-2026-07-23\prints\maria-cristina-delattre-psicologa-curitiba-pr-maps.png;D:\LEONARDO\Drive\Projetos\funil-comercial\prospeccao-ativa-2026-07-23\prints\maria-cristina-delattre-psicologa-curitiba-pr-desktop.png;D:\LEONARDO\Drive\Projetos\funil-comercial\prospeccao-ativa-2026-07-23\prints\maria-cristina-delattre-psicologa-curitiba-pr-mobile.png;https://wa.me/5541996798182;LEAD_QUALIFICADO_AGUARDANDO_REDESIGN_INDIVIDUAL;;"Olá! Tudo bem?

Aqui é o Leonardo Brasil. Encontrei o seu site e preparei, sem compromisso, uma nova versão com visual mais moderno e pronta para celular.

Quer que eu te envie o link para ver como ficou?

Me envie uma mensagem no WhatsApp 51 99256-8861 que eu te mando o link:
https://wa.me/5551992568861

Rascunho operacional para Maria: quando houver redesign individual, usar [INSERIR_LINK_DO_REDESIGN_APOS_CRIACAO].";"Maria, resumindo: eu transformaria o site atual em uma página mais moderna, clara e focada em agendamentos pelo WhatsApp, preservando os dados reais já publicados.

Valor único: R$497 pelo redesign.
Hospedagem/manutenção: R$37,90 por mês.";"Oi, Maria! Passando pra saber se você chegou a ver o site novo que te mandei.

Se tiver algo que você mudaria, uma cor, um texto, uma foto, eu ajusto pra ficar do seu jeito.";"Oi, Maria! Só pra deixar claro, esse é o trabalho que eu faço: ajudo profissionais como você a terem um site que traz mais pacientes, clientes ou consultas e passa mais autoridade.

Fiz o seu como demonstração, sem compromisso.

Se fizer sentido, te explico como deixar ele no ar. Quer que eu te mande os detalhes?";"Oi, Maria! Imagino que a correria da agenda tenha falado mais alto, sem problema.

Vou deixar o link no ar por mais 24 horas.

Se um dia quiser colocar no ar, é só me chamar que retomo na hora.

Sucesso!"
2026-07-23;17;Psicóloga / Psicanalista;Rio de Janeiro - RJ;Wania T. Costa;não verificado;não verificado;"Telefone público no Google Sites: (21) 98256-5999; waniacosta.psi@outlook.com";+5521982565999;https://sites.google.com/view/waniacostapsicologa;https://www.google.com/maps/search/?api=1&query=Wania%20Costa%20Psic%C3%B3loga%20Barra%20da%20Tijuca%20Rio%20de%20Janeiro;"Psicóloga e psicanalista com telefone direto, mas site Google Sites extremamente simples.";"Site tem pouquíssimos blocos, quase nenhum CTA persuasivo e baixa percepção de autoridade visual; redesign pode ampliar apresentação sem inventar dados.";"Site informa Wania T. Costa, psicóloga com título de especialista em Psicologia Clínica, psicanalista, atendimento online, consultório na Barra da Tijuca, Rio de Janeiro, telefone e e-mail.";"Psicologia clínica; psicanálise; atendimento online.";Título de especialista em Psicologia Clínica e atuação como psicanalista informados no site.;"Google Sites simples, textual e sem marca visual forte.";"Poucos ativos; usar identidade mínima e dados publicados.";wania-t-costa-psicologa-psicanalista-rio-de-janeiro-rj;Aguardando redesign individual;;D:\LEONARDO\Drive\Projetos\funil-comercial\prospeccao-ativa-2026-07-23\prints\wania-t-costa-psicologa-psicanalista-rio-de-janeiro-rj-maps.png;D:\LEONARDO\Drive\Projetos\funil-comercial\prospeccao-ativa-2026-07-23\prints\wania-t-costa-psicologa-psicanalista-rio-de-janeiro-rj-desktop.png;D:\LEONARDO\Drive\Projetos\funil-comercial\prospeccao-ativa-2026-07-23\prints\wania-t-costa-psicologa-psicanalista-rio-de-janeiro-rj-mobile.png;https://wa.me/5521982565999;LEAD_QUALIFICADO_AGUARDANDO_REDESIGN_INDIVIDUAL;;"Olá! Tudo bem?

Aqui é o Leonardo Brasil. Encontrei o seu site e preparei, sem compromisso, uma nova versão com visual mais moderno e pronta para celular.

Quer que eu te envie o link para ver como ficou?

Me envie uma mensagem no WhatsApp 51 99256-8861 que eu te mando o link:
https://wa.me/5551992568861

Rascunho operacional para Wania: quando houver redesign individual, usar [INSERIR_LINK_DO_REDESIGN_APOS_CRIACAO].";"Wania, resumindo: eu transformaria o site atual em uma página mais moderna, clara e focada em agendamentos pelo WhatsApp, preservando os dados reais já publicados.

Valor único: R$497 pelo redesign.
Hospedagem/manutenção: R$37,90 por mês.";"Oi, Wania! Passando pra saber se você chegou a ver o site novo que te mandei.

Se tiver algo que você mudaria, uma cor, um texto, uma foto, eu ajusto pra ficar do seu jeito.";"Oi, Wania! Só pra deixar claro, esse é o trabalho que eu faço: ajudo profissionais como você a terem um site que traz mais pacientes, clientes ou consultas e passa mais autoridade.

Fiz o seu como demonstração, sem compromisso.

Se fizer sentido, te explico como deixar ele no ar. Quer que eu te mande os detalhes?";"Oi, Wania! Imagino que a correria da agenda tenha falado mais alto, sem problema.

Vou deixar o link no ar por mais 24 horas.

Se um dia quiser colocar no ar, é só me chamar que retomo na hora.

Sucesso!"
2026-07-23;18;Psicóloga / Neuropsicóloga;Curitiba - PR;Karime Longen;não verificado;não verificado;"Telefone público no título/site: 99905-7339; atendimento via WhatsApp";+5541999057339;https://sites.google.com/view/psicologa-karime-longen;https://www.google.com/maps/search/?api=1&query=Karime%20Longen%20Psic%C3%B3loga%20Curitiba;"Psicóloga clínica/neuropsicóloga com WhatsApp, mas Google Sites simples e título com telefone improvisado.";"Título “Ligue já” e estrutura básica passam pouca autoridade; redesign pode organizar neuropsicologia, atendimento individual/casal e agendamento.";"Site informa Karime Longen, psicóloga clínica e neuropsicóloga em Curitiba, atendimento a adolescentes e adultos presencial e online, atendimento individual e casal, prática clínica norteada pela psicanálise freudiana.";"Atendimento individual; atendimento de casal; psicoterapia online e presencial; neuropsicologia.";"Identificação como psicóloga clínica e neuropsicóloga, com descrição de atuação e públicos atendidos.";"Google Sites básico, com imagens simples e chamada telefônica no título.";"Imagens do site podem orientar a paleta, mas precisam de refinamento.";karime-longen-psicologa-neuropsicologa-curitiba-pr;Aguardando redesign individual;;D:\LEONARDO\Drive\Projetos\funil-comercial\prospeccao-ativa-2026-07-23\prints\karime-longen-psicologa-neuropsicologa-curitiba-pr-maps.png;D:\LEONARDO\Drive\Projetos\funil-comercial\prospeccao-ativa-2026-07-23\prints\karime-longen-psicologa-neuropsicologa-curitiba-pr-desktop.png;D:\LEONARDO\Drive\Projetos\funil-comercial\prospeccao-ativa-2026-07-23\prints\karime-longen-psicologa-neuropsicologa-curitiba-pr-mobile.png;https://wa.me/5541999057339;LEAD_QUALIFICADO_AGUARDANDO_REDESIGN_INDIVIDUAL;;"Olá! Tudo bem?

Aqui é o Leonardo Brasil. Encontrei o seu site e preparei, sem compromisso, uma nova versão com visual mais moderno e pronta para celular.

Quer que eu te envie o link para ver como ficou?

Me envie uma mensagem no WhatsApp 51 99256-8861 que eu te mando o link:
https://wa.me/5551992568861

Rascunho operacional para Karime: quando houver redesign individual, usar [INSERIR_LINK_DO_REDESIGN_APOS_CRIACAO].";"Karime, resumindo: eu transformaria o site atual em uma página mais moderna, clara e focada em agendamentos pelo WhatsApp, preservando os dados reais já publicados.

Valor único: R$497 pelo redesign.
Hospedagem/manutenção: R$37,90 por mês.";"Oi, Karime! Passando pra saber se você chegou a ver o site novo que te mandei.

Se tiver algo que você mudaria, uma cor, um texto, uma foto, eu ajusto pra ficar do seu jeito.";"Oi, Karime! Só pra deixar claro, esse é o trabalho que eu faço: ajudo profissionais como você a terem um site que traz mais pacientes, clientes ou consultas e passa mais autoridade.

Fiz o seu como demonstração, sem compromisso.

Se fizer sentido, te explico como deixar ele no ar. Quer que eu te mande os detalhes?";"Oi, Karime! Imagino que a correria da agenda tenha falado mais alto, sem problema.

Vou deixar o link no ar por mais 24 horas.

Se um dia quiser colocar no ar, é só me chamar que retomo na hora.

Sucesso!"
2026-07-23;19;Psicóloga;Belo Horizonte - MG;Karine Araújo;não verificado;não verificado;Telefone público no site: (31) 99333-0322;+5531993330322;https://projetosentir3.wixsite.com/website;https://www.google.com/maps/search/?api=1&query=Karine%20Ara%C3%BAjo%20Psic%C3%B3loga%20Belo%20Horizonte;"Psicóloga mineira com CRP e site Wix, porém apresentação antiga e pouco focada em conversão.";"Site Wix com visual de template, conteúdo biográfico longo e CTA pouco destacado; redesign pode transformar formação e abordagem em página clara.";"Site informa Karine Luiza Rezende Silva Araújo, psicóloga clínica CRP 04/31799, nascida em Belo Horizonte, graduação em Psicologia e mestrado em Ciências da Religião pela PUC Minas, especializações em Gestão de Pessoas e Psicologia Humanista/Existencial/Fenomenológica.";"Psicologia clínica; abordagem humanista, existencial e fenomenológica; contato para atendimento.";"CRP 04/31799, graduação, mestrado e especializações publicadas no site.";"Wix antigo, imagem pessoal e texto biográfico extenso.";Imagem e identidade atual podem ser preservadas em layout mais claro.;karine-araujo-psicologa-belo-horizonte-mg;Aguardando redesign individual;;D:\LEONARDO\Drive\Projetos\funil-comercial\prospeccao-ativa-2026-07-23\prints\karine-araujo-psicologa-belo-horizonte-mg-maps.png;D:\LEONARDO\Drive\Projetos\funil-comercial\prospeccao-ativa-2026-07-23\prints\karine-araujo-psicologa-belo-horizonte-mg-desktop.png;D:\LEONARDO\Drive\Projetos\funil-comercial\prospeccao-ativa-2026-07-23\prints\karine-araujo-psicologa-belo-horizonte-mg-mobile.png;https://wa.me/5531993330322;LEAD_QUALIFICADO_AGUARDANDO_REDESIGN_INDIVIDUAL;;"Olá! Tudo bem?

Aqui é o Leonardo Brasil. Encontrei o seu site e preparei, sem compromisso, uma nova versão com visual mais moderno e pronta para celular.

Quer que eu te envie o link para ver como ficou?

Me envie uma mensagem no WhatsApp 51 99256-8861 que eu te mando o link:
https://wa.me/5551992568861

Rascunho operacional para Karine: quando houver redesign individual, usar [INSERIR_LINK_DO_REDESIGN_APOS_CRIACAO].";"Karine, resumindo: eu transformaria o site atual em uma página mais moderna, clara e focada em agendamentos pelo WhatsApp, preservando os dados reais já publicados.

Valor único: R$497 pelo redesign.
Hospedagem/manutenção: R$37,90 por mês.";"Oi, Karine! Passando pra saber se você chegou a ver o site novo que te mandei.

Se tiver algo que você mudaria, uma cor, um texto, uma foto, eu ajusto pra ficar do seu jeito.";"Oi, Karine! Só pra deixar claro, esse é o trabalho que eu faço: ajudo profissionais como você a terem um site que traz mais pacientes, clientes ou consultas e passa mais autoridade.

Fiz o seu como demonstração, sem compromisso.

Se fizer sentido, te explico como deixar ele no ar. Quer que eu te mande os detalhes?";"Oi, Karine! Imagino que a correria da agenda tenha falado mais alto, sem problema.

Vou deixar o link no ar por mais 24 horas.

Se um dia quiser colocar no ar, é só me chamar que retomo na hora.

Sucesso!"
2026-07-23;20;Psicóloga;Belo Horizonte - MG;Carla Lopes;não verificado;não verificado;"Celular público no site: (31) 98529-6245; carlalopes.psicologa@gmail.com";+5531985296245;https://carlalopespsi.wixsite.com/carlalopes;https://www.google.com/maps/search/?api=1&query=Carla%20Lopes%20Psic%C3%B3loga%20Belo%20Horizonte;"Psicóloga com atendimento online e presencial, mas site Wix básico e pouco focado em agendamento.";"Site tem endereço, contato e e-mail, porém pouca estrutura comercial e visual; redesign pode destacar atendimento online, BH/Viçosa e WhatsApp.";"Site informa Carla Lopes, psicóloga clínica, atendimentos online, endereço Rua Espírito Santo 1204, Centro, Belo Horizonte, atendimento também em Viçosa, celular e e-mail.";"Psicologia clínica; atendimento online; atendimento presencial em Belo Horizonte e Viçosa.";"Endereços, contato e identidade profissional publicados no site.";"Wix simples, ícones básicos e visual institucional.";Ícones/imagens do site podem orientar o redesign.;carla-lopes-psicologa-belo-horizonte-mg;Aguardando redesign individual;;D:\LEONARDO\Drive\Projetos\funil-comercial\prospeccao-ativa-2026-07-23\prints\carla-lopes-psicologa-belo-horizonte-mg-maps.png;D:\LEONARDO\Drive\Projetos\funil-comercial\prospeccao-ativa-2026-07-23\prints\carla-lopes-psicologa-belo-horizonte-mg-desktop.png;D:\LEONARDO\Drive\Projetos\funil-comercial\prospeccao-ativa-2026-07-23\prints\carla-lopes-psicologa-belo-horizonte-mg-mobile.png;https://wa.me/5531985296245;LEAD_QUALIFICADO_AGUARDANDO_REDESIGN_INDIVIDUAL;;"Olá! Tudo bem?

Aqui é o Leonardo Brasil. Encontrei o seu site e preparei, sem compromisso, uma nova versão com visual mais moderno e pronta para celular.

Quer que eu te envie o link para ver como ficou?

Me envie uma mensagem no WhatsApp 51 99256-8861 que eu te mando o link:
https://wa.me/5551992568861

Rascunho operacional para Carla: quando houver redesign individual, usar [INSERIR_LINK_DO_REDESIGN_APOS_CRIACAO].";"Carla, resumindo: eu transformaria o site atual em uma página mais moderna, clara e focada em agendamentos pelo WhatsApp, preservando os dados reais já publicados.

Valor único: R$497 pelo redesign.
Hospedagem/manutenção: R$37,90 por mês.";"Oi, Carla! Passando pra saber se você chegou a ver o site novo que te mandei.

Se tiver algo que você mudaria, uma cor, um texto, uma foto, eu ajusto pra ficar do seu jeito.";"Oi, Carla! Só pra deixar claro, esse é o trabalho que eu faço: ajudo profissionais como você a terem um site que traz mais pacientes, clientes ou consultas e passa mais autoridade.

Fiz o seu como demonstração, sem compromisso.

Se fizer sentido, te explico como deixar ele no ar. Quer que eu te mande os detalhes?";"Oi, Carla! Imagino que a correria da agenda tenha falado mais alto, sem problema.

Vou deixar o link no ar por mais 24 horas.

Se um dia quiser colocar no ar, é só me chamar que retomo na hora.

Sucesso!"
2026-07-23;21;Psicóloga;Ribeirão Preto / Monte Alto - SP;Júlia C. Lapola Ferreira;não verificado;não verificado;Telefone público no site: (16) 99625-5885;+5516996255885;https://psijulialapola.wixsite.com/my-site;https://www.google.com/maps/search/?api=1&query=J%C3%BAlia%20C%20Lapola%20Ferreira%20Psic%C3%B3loga%20Ribeir%C3%A3o%20Preto%20Monte%20Alto;"Psicóloga com CRP, telefone e site Wix, mas página simples e com pouca autoridade visual.";"Site Wix básico, sem CTA forte e sem prova social; redesign pode destacar TCC, públicos atendidos e contato direto.";"Site informa Júlia C. Lapola Ferreira, psicóloga clínica CRP 06/160309, formada pelo Centro Universitário Barão de Mauá em Ribeirão Preto/SP, pós-graduada em TCC, atendimento presencial, online e para crianças, adolescentes e adultos, Viver Clin em Monte Alto.";"Atendimento presencial; atendimento online; atendimento para crianças, adolescentes e adultos; TCC.";"CRP 06/160309, formação e pós-graduação publicadas no site.";Wix com imagem pessoal e layout simples.;Foto e imagens do site podem ser aproveitadas.;julia-c-lapola-ferreira-psicologa-ribeirao-preto-monte-alto-sp;Aguardando redesign individual;;D:\LEONARDO\Drive\Projetos\funil-comercial\prospeccao-ativa-2026-07-23\prints\julia-c-lapola-ferreira-psicologa-ribeirao-preto-monte-alto-sp-maps.png;D:\LEONARDO\Drive\Projetos\funil-comercial\prospeccao-ativa-2026-07-23\prints\julia-c-lapola-ferreira-psicologa-ribeirao-preto-monte-alto-sp-desktop.png;D:\LEONARDO\Drive\Projetos\funil-comercial\prospeccao-ativa-2026-07-23\prints\julia-c-lapola-ferreira-psicologa-ribeirao-preto-monte-alto-sp-mobile.png;https://wa.me/5516996255885;LEAD_QUALIFICADO_AGUARDANDO_REDESIGN_INDIVIDUAL;;"Olá! Tudo bem?

Aqui é o Leonardo Brasil. Encontrei o seu site e preparei, sem compromisso, uma nova versão com visual mais moderno e pronta para celular.

Quer que eu te envie o link para ver como ficou?

Me envie uma mensagem no WhatsApp 51 99256-8861 que eu te mando o link:
https://wa.me/5551992568861

Rascunho operacional para Júlia: quando houver redesign individual, usar [INSERIR_LINK_DO_REDESIGN_APOS_CRIACAO].";"Júlia, resumindo: eu transformaria o site atual em uma página mais moderna, clara e focada em agendamentos pelo WhatsApp, preservando os dados reais já publicados.

Valor único: R$497 pelo redesign.
Hospedagem/manutenção: R$37,90 por mês.";"Oi, Júlia! Passando pra saber se você chegou a ver o site novo que te mandei.

Se tiver algo que você mudaria, uma cor, um texto, uma foto, eu ajusto pra ficar do seu jeito.";"Oi, Júlia! Só pra deixar claro, esse é o trabalho que eu faço: ajudo profissionais como você a terem um site que traz mais pacientes, clientes ou consultas e passa mais autoridade.

Fiz o seu como demonstração, sem compromisso.

Se fizer sentido, te explico como deixar ele no ar. Quer que eu te mande os detalhes?";"Oi, Júlia! Imagino que a correria da agenda tenha falado mais alto, sem problema.

Vou deixar o link no ar por mais 24 horas.

Se um dia quiser colocar no ar, é só me chamar que retomo na hora.

Sucesso!"
2026-07-23;22;Psicóloga;Ribeirão Preto - SP;Natália Feitosa;não verificado;não verificado;"Telefone/WhatsApp público: 16 99139-9899; oliveiranataliapsi@gmail.com";+5516991399899;https://nataliafeitosa.wixsite.com/psicologia/a-psicologa;https://www.google.com/maps/search/?api=1&query=Nat%C3%A1lia%20Feitosa%20Psic%C3%B3loga%20Ribeir%C3%A3o%20Preto;"Psicóloga em Ribeirão Preto com WhatsApp, mas site Wix antigo de 2017.";"Página antiga, pouca hierarquia de serviços e CTA simples; redesign pode modernizar apresentação, endereço e agendamento.";"Site informa Natália Feitosa de Oliveira, endereço Rua Floriano Peixoto 891, Centro, Ribeirão Preto, e-mail, telefone também WhatsApp.";"Psicologia clínica; atendimento presencial; contato por WhatsApp.";"Endereço, e-mail e WhatsApp publicados no site profissional.";"Wix de 2017, visual datado e seções simples.";Imagens antigas do site podem guiar a atualização visual.;natalia-feitosa-psicologa-ribeirao-preto-sp;Aguardando redesign individual;;D:\LEONARDO\Drive\Projetos\funil-comercial\prospeccao-ativa-2026-07-23\prints\natalia-feitosa-psicologa-ribeirao-preto-sp-maps.png;D:\LEONARDO\Drive\Projetos\funil-comercial\prospeccao-ativa-2026-07-23\prints\natalia-feitosa-psicologa-ribeirao-preto-sp-desktop.png;D:\LEONARDO\Drive\Projetos\funil-comercial\prospeccao-ativa-2026-07-23\prints\natalia-feitosa-psicologa-ribeirao-preto-sp-mobile.png;https://wa.me/5516991399899;LEAD_QUALIFICADO_AGUARDANDO_REDESIGN_INDIVIDUAL;;"Olá! Tudo bem?

Aqui é o Leonardo Brasil. Encontrei o seu site e preparei, sem compromisso, uma nova versão com visual mais moderno e pronta para celular.

Quer que eu te envie o link para ver como ficou?

Me envie uma mensagem no WhatsApp 51 99256-8861 que eu te mando o link:
https://wa.me/5551992568861

Rascunho operacional para Natália: quando houver redesign individual, usar [INSERIR_LINK_DO_REDESIGN_APOS_CRIACAO].";"Natália, resumindo: eu transformaria o site atual em uma página mais moderna, clara e focada em agendamentos pelo WhatsApp, preservando os dados reais já publicados.

Valor único: R$497 pelo redesign.
Hospedagem/manutenção: R$37,90 por mês.";"Oi, Natália! Passando pra saber se você chegou a ver o site novo que te mandei.

Se tiver algo que você mudaria, uma cor, um texto, uma foto, eu ajusto pra ficar do seu jeito.";"Oi, Natália! Só pra deixar claro, esse é o trabalho que eu faço: ajudo profissionais como você a terem um site que traz mais pacientes, clientes ou consultas e passa mais autoridade.

Fiz o seu como demonstração, sem compromisso.

Se fizer sentido, te explico como deixar ele no ar. Quer que eu te mande os detalhes?";"Oi, Natália! Imagino que a correria da agenda tenha falado mais alto, sem problema.

Vou deixar o link no ar por mais 24 horas.

Se um dia quiser colocar no ar, é só me chamar que retomo na hora.

Sucesso!"
2026-07-23;23;Psicóloga;Belo Horizonte - MG;Bárbara Lima;não verificado;não verificado;"WhatsApp público no site: (31) 98470-3799; barbaralimatpsicologa@gmail.com";+5531984703799;https://barbaralimatpsicol.wixsite.com/rbara-lima-psi;https://www.google.com/maps/search/?api=1&query=B%C3%A1rbara%20Lima%20Psic%C3%B3loga%20Belo%20Horizonte;"Psicóloga com WhatsApp e oferta clara, mas site Wix com domínio improvisado e conteúdo de template moderno ainda pouco refinado.";"Apesar de recente, a URL Wix e alguns textos genéricos reduzem percepção profissional; redesign individual pode dar domínio próprio, foco e CTA mais confiável.";"Site informa Bárbara Lima, psicóloga CRP 04/182428, terapia TCC e ACT, atendimento online e presencial para crianças, adolescentes e adultos, especialização em andamento em Neuropsicologia, e-books gratuitos e WhatsApp.";"Psicoterapia para adultos; psicoterapia infantil e adolescente; TCC; ACT; neuropsicologia em formação.";"CRP 04/182428, e-books e formação/abordagens publicadas no site.";"Wix mais recente, porém com domínio improvisado e identidade genérica.";Elementos do site e e-books podem orientar identidade visual.;barbara-lima-psicologa-belo-horizonte-mg;Aguardando redesign individual;;D:\LEONARDO\Drive\Projetos\funil-comercial\prospeccao-ativa-2026-07-23\prints\barbara-lima-psicologa-belo-horizonte-mg-maps.png;D:\LEONARDO\Drive\Projetos\funil-comercial\prospeccao-ativa-2026-07-23\prints\barbara-lima-psicologa-belo-horizonte-mg-desktop.png;D:\LEONARDO\Drive\Projetos\funil-comercial\prospeccao-ativa-2026-07-23\prints\barbara-lima-psicologa-belo-horizonte-mg-mobile.png;https://wa.me/5531984703799;LEAD_QUALIFICADO_AGUARDANDO_REDESIGN_INDIVIDUAL;;"Olá! Tudo bem?

Aqui é o Leonardo Brasil. Encontrei o seu site e preparei, sem compromisso, uma nova versão com visual mais moderno e pronta para celular.

Quer que eu te envie o link para ver como ficou?

Me envie uma mensagem no WhatsApp 51 99256-8861 que eu te mando o link:
https://wa.me/5551992568861

Rascunho operacional para Bárbara: quando houver redesign individual, usar [INSERIR_LINK_DO_REDESIGN_APOS_CRIACAO].";"Bárbara, resumindo: eu transformaria o site atual em uma página mais moderna, clara e focada em agendamentos pelo WhatsApp, preservando os dados reais já publicados.

Valor único: R$497 pelo redesign.
Hospedagem/manutenção: R$37,90 por mês.";"Oi, Bárbara! Passando pra saber se você chegou a ver o site novo que te mandei.

Se tiver algo que você mudaria, uma cor, um texto, uma foto, eu ajusto pra ficar do seu jeito.";"Oi, Bárbara! Só pra deixar claro, esse é o trabalho que eu faço: ajudo profissionais como você a terem um site que traz mais pacientes, clientes ou consultas e passa mais autoridade.

Fiz o seu como demonstração, sem compromisso.

Se fizer sentido, te explico como deixar ele no ar. Quer que eu te mande os detalhes?";"Oi, Bárbara! Imagino que a correria da agenda tenha falado mais alto, sem problema.

Vou deixar o link no ar por mais 24 horas.

Se um dia quiser colocar no ar, é só me chamar que retomo na hora.

Sucesso!"
2026-07-23;24;Psicóloga;Belo Horizonte - MG;Aline Rocha Marques;não verificado;não verificado;Telefone público em conteúdo do site: (31) 99373-7104;+5531993737104;https://alinermarquespsi.wixsite.com/psicologa;https://www.google.com/maps/search/?api=1&query=Aline%20Rocha%20Marques%20Psic%C3%B3loga%20Belo%20Horizonte;"Psicóloga com CRP e telefone em site Wix, mas página mistura muitas reflexões e baixa clareza de oferta.";"Site com excesso de posts/reflexões, CTA diluído e pouco foco em serviço; redesign pode transformar o conteúdo em autoridade e agendamento claro.";"Site informa Aline Rocha Marques, psicóloga CRP 04/58408, sessões por videochamada via WhatsApp ou Google Meet, conteúdos de saúde mental e reflexões, telefone (31) 99373-7104.";"Psicologia online; sessões por videochamada; suporte emocional; TCC indicada em conteúdos.";CRP 04/58408 e telefone publicados nos textos do site.;Wix com muitos posts/imagens e baixa estrutura de landing.;Posts/imagens podem virar prova de conteúdo em layout mais organizado.;aline-rocha-marques-psicologa-belo-horizonte-mg;Aguardando redesign individual;;D:\LEONARDO\Drive\Projetos\funil-comercial\prospeccao-ativa-2026-07-23\prints\aline-rocha-marques-psicologa-belo-horizonte-mg-maps.png;D:\LEONARDO\Drive\Projetos\funil-comercial\prospeccao-ativa-2026-07-23\prints\aline-rocha-marques-psicologa-belo-horizonte-mg-desktop.png;D:\LEONARDO\Drive\Projetos\funil-comercial\prospeccao-ativa-2026-07-23\prints\aline-rocha-marques-psicologa-belo-horizonte-mg-mobile.png;https://wa.me/5531993737104;LEAD_QUALIFICADO_AGUARDANDO_REDESIGN_INDIVIDUAL;;"Olá! Tudo bem?

Aqui é o Leonardo Brasil. Encontrei o seu site e preparei, sem compromisso, uma nova versão com visual mais moderno e pronta para celular.

Quer que eu te envie o link para ver como ficou?

Me envie uma mensagem no WhatsApp 51 99256-8861 que eu te mando o link:
https://wa.me/5551992568861

Rascunho operacional para Aline: quando houver redesign individual, usar [INSERIR_LINK_DO_REDESIGN_APOS_CRIACAO].";"Aline, resumindo: eu transformaria o site atual em uma página mais moderna, clara e focada em agendamentos pelo WhatsApp, preservando os dados reais já publicados.

Valor único: R$497 pelo redesign.
Hospedagem/manutenção: R$37,90 por mês.";"Oi, Aline! Passando pra saber se você chegou a ver o site novo que te mandei.

Se tiver algo que você mudaria, uma cor, um texto, uma foto, eu ajusto pra ficar do seu jeito.";"Oi, Aline! Só pra deixar claro, esse é o trabalho que eu faço: ajudo profissionais como você a terem um site que traz mais pacientes, clientes ou consultas e passa mais autoridade.

Fiz o seu como demonstração, sem compromisso.

Se fizer sentido, te explico como deixar ele no ar. Quer que eu te mande os detalhes?";"Oi, Aline! Imagino que a correria da agenda tenha falado mais alto, sem problema.

Vou deixar o link no ar por mais 24 horas.

Se um dia quiser colocar no ar, é só me chamar que retomo na hora.

Sucesso!"
2026-07-23;25;Fisioterapeuta;Campinas - SP;Larah Segin;não verificado;não verificado;"WhatsApp público no site: 19999467757; lssfisioterapia@gmail.com";+5519999467757;https://lssfisioterapia.wixsite.com/larah-segin-fisioter;https://www.google.com/maps/search/?api=1&query=Larah%20Segin%20Fisioterapia%20Campinas;"Fisioterapeuta pélvica/obstétrica com CREFITO e WhatsApp, mas site Wix com domínio improvisado.";"Site atual é simples, com erros de digitação e CTA básico; redesign pode destacar saúde íntima da mulher, CREFITO e agendamento.";"Site informa Larah Segin, fisioterapeuta especialista em saúde da mulher, CREFITO 255846F, fisioterapia pélvica e obstétrica, formada pela Anhembi Morumbi, especialização pela UFSCar, atendimento em Jardim Chapadão, Campinas.";"Fisioterapia pélvica; fisioterapia obstétrica; saúde íntima da mulher; atendimento com hora marcada.";"CREFITO 255846F, formação e especialização publicadas no site.";"Wix simples, foco feminino, imagens de respiração/pose e linguagem acolhedora.";Imagens do site podem orientar uma página feminina e clínica.;larah-segin-fisioterapeuta-campinas-sp;Aguardando redesign individual;;D:\LEONARDO\Drive\Projetos\funil-comercial\prospeccao-ativa-2026-07-23\prints\larah-segin-fisioterapeuta-campinas-sp-maps.png;D:\LEONARDO\Drive\Projetos\funil-comercial\prospeccao-ativa-2026-07-23\prints\larah-segin-fisioterapeuta-campinas-sp-desktop.png;D:\LEONARDO\Drive\Projetos\funil-comercial\prospeccao-ativa-2026-07-23\prints\larah-segin-fisioterapeuta-campinas-sp-mobile.png;https://wa.me/5519999467757;LEAD_QUALIFICADO_AGUARDANDO_REDESIGN_INDIVIDUAL;;"Olá! Tudo bem?

Aqui é o Leonardo Brasil. Encontrei o seu site e preparei, sem compromisso, uma nova versão com visual mais moderno e pronta para celular.

Quer que eu te envie o link para ver como ficou?

Me envie uma mensagem no WhatsApp 51 99256-8861 que eu te mando o link:
https://wa.me/5551992568861

Rascunho operacional para Larah: quando houver redesign individual, usar [INSERIR_LINK_DO_REDESIGN_APOS_CRIACAO].";"Larah, resumindo: eu transformaria o site atual em uma página mais moderna, clara e focada em agendamentos pelo WhatsApp, preservando os dados reais já publicados.

Valor único: R$497 pelo redesign.
Hospedagem/manutenção: R$37,90 por mês.";"Oi, Larah! Passando pra saber se você chegou a ver o site novo que te mandei.

Se tiver algo que você mudaria, uma cor, um texto, uma foto, eu ajusto pra ficar do seu jeito.";"Oi, Larah! Só pra deixar claro, esse é o trabalho que eu faço: ajudo profissionais como você a terem um site que traz mais pacientes, clientes ou consultas e passa mais autoridade.

Fiz o seu como demonstração, sem compromisso.

Se fizer sentido, te explico como deixar ele no ar. Quer que eu te mande os detalhes?";"Oi, Larah! Imagino que a correria da agenda tenha falado mais alto, sem problema.

Vou deixar o link no ar por mais 24 horas.

Se um dia quiser colocar no ar, é só me chamar que retomo na hora.

Sucesso!"
2026-07-23;26;Fisioterapeuta;Campinas - SP;Kemle Merhy;não verificado;não verificado;"WhatsApp público no site: +55 (19) 99226-3799; Instagram @drakemlemerhy";+5519992263799;https://drakemlemerhy.wixsite.com/drakemlemerhy;https://www.google.com/maps/search/?api=1&query=Dra%20Kemle%20Merhy%20Fisioterapia%20Campinas%20Paul%C3%ADnia;"Fisioterapeuta neurofuncional/geriátrica com CREFITO e WhatsApp, mas site Wix com URL improvisada.";"Site tem boa oferta, mas domínio Wix e blocos longos reduzem autoridade; redesign pode sintetizar domiciliar, neurofuncional, geriatria e CTA.";"Site informa Dra. Kemle Merhy, CREFITO 3/321573-F, fisioterapia neurofuncional geriátrica em Campinas e Paulínia, atendimento domiciliar individualizado, formação PUC-Campinas, especializações pelo Albert Einstein e PUC-Campinas, mestrado em Neurociências pela Unicamp.";"Fisioterapia neurofuncional; fisioterapia geriátrica; atendimento domiciliar; prevenção de quedas; reabilitação para Parkinson, AVC e demências.";"CREFITO 3/321573-F, especializações e mestrado publicados no site.";"Wix moderno, mas ainda dependente de domínio improvisado e textos longos.";Imagens do site e identidade clínica podem ser aproveitadas.;kemle-merhy-fisioterapeuta-campinas-sp;Aguardando redesign individual;;D:\LEONARDO\Drive\Projetos\funil-comercial\prospeccao-ativa-2026-07-23\prints\kemle-merhy-fisioterapeuta-campinas-sp-maps.png;D:\LEONARDO\Drive\Projetos\funil-comercial\prospeccao-ativa-2026-07-23\prints\kemle-merhy-fisioterapeuta-campinas-sp-desktop.png;D:\LEONARDO\Drive\Projetos\funil-comercial\prospeccao-ativa-2026-07-23\prints\kemle-merhy-fisioterapeuta-campinas-sp-mobile.png;https://wa.me/5519992263799;LEAD_QUALIFICADO_AGUARDANDO_REDESIGN_INDIVIDUAL;;"Olá! Tudo bem?

Aqui é o Leonardo Brasil. Encontrei o seu site e preparei, sem compromisso, uma nova versão com visual mais moderno e pronta para celular.

Quer que eu te envie o link para ver como ficou?

Me envie uma mensagem no WhatsApp 51 99256-8861 que eu te mando o link:
https://wa.me/5551992568861

Rascunho operacional para Kemle: quando houver redesign individual, usar [INSERIR_LINK_DO_REDESIGN_APOS_CRIACAO].";"Kemle, resumindo: eu transformaria o site atual em uma página mais moderna, clara e focada em agendamentos pelo WhatsApp, preservando os dados reais já publicados.

Valor único: R$497 pelo redesign.
Hospedagem/manutenção: R$37,90 por mês.";"Oi, Kemle! Passando pra saber se você chegou a ver o site novo que te mandei.

Se tiver algo que você mudaria, uma cor, um texto, uma foto, eu ajusto pra ficar do seu jeito.";"Oi, Kemle! Só pra deixar claro, esse é o trabalho que eu faço: ajudo profissionais como você a terem um site que traz mais pacientes, clientes ou consultas e passa mais autoridade.

Fiz o seu como demonstração, sem compromisso.

Se fizer sentido, te explico como deixar ele no ar. Quer que eu te mande os detalhes?";"Oi, Kemle! Imagino que a correria da agenda tenha falado mais alto, sem problema.

Vou deixar o link no ar por mais 24 horas.

Se um dia quiser colocar no ar, é só me chamar que retomo na hora.

Sucesso!"
2026-07-23;27;Nutricionista;Curitiba - PR;Adriana Sbragia;não verificado;não verificado;"Telefone/WhatsApp público no site: (41) 3274-1517 / (41) 98824-4886; drisbragia@hotmail.com";+5541988244886;https://drisbragia.wixsite.com/nutricionista;https://www.google.com/maps/search/?api=1&query=Adriana%20Sbragia%20Nutricionista%20Curitiba;"Nutricionista com CRN, WhatsApp e serviços reais, mas site Wix com texto de template ainda visível.";"Página exibe banner Wix, depoimento placeholder e texto “ESCREVE ALGO LEGAL AI”, o que cria oportunidade clara de redesign.";"Site informa Adriana Sbragia nutricionista, formada em nutrição pela FAPAR, CRN Paraná 15571, pós em Metabolismo e Emagrecimento em andamento, atendimentos clínicos, possível atendimento infantil em escolas e creches, endereço Av. Nossa Senhora Aparecida 1383, Seminário, Curitiba.";"Perda de peso; nutrição esportiva; prevenção de doenças; atendimento clínico; nutrição infantil em escolas e creches.";"CRN 15571, formação e depoimentos/placeholder visíveis no site.";"Wix antigo, imagens pessoais e textos de template não removidos.";Fotos do site e identidade atual podem orientar uma versão corrigida.;adriana-sbragia-nutricionista-curitiba-pr;Aguardando redesign individual;;D:\LEONARDO\Drive\Projetos\funil-comercial\prospeccao-ativa-2026-07-23\prints\adriana-sbragia-nutricionista-curitiba-pr-maps.png;D:\LEONARDO\Drive\Projetos\funil-comercial\prospeccao-ativa-2026-07-23\prints\adriana-sbragia-nutricionista-curitiba-pr-desktop.png;D:\LEONARDO\Drive\Projetos\funil-comercial\prospeccao-ativa-2026-07-23\prints\adriana-sbragia-nutricionista-curitiba-pr-mobile.png;https://wa.me/5541988244886;LEAD_QUALIFICADO_AGUARDANDO_REDESIGN_INDIVIDUAL;;"Olá! Tudo bem?

Aqui é o Leonardo Brasil. Encontrei o seu site e preparei, sem compromisso, uma nova versão com visual mais moderno e pronta para celular.

Quer que eu te envie o link para ver como ficou?

Me envie uma mensagem no WhatsApp 51 99256-8861 que eu te mando o link:
https://wa.me/5551992568861

Rascunho operacional para Adriana: quando houver redesign individual, usar [INSERIR_LINK_DO_REDESIGN_APOS_CRIACAO].";"Adriana, resumindo: eu transformaria o site atual em uma página mais moderna, clara e focada em agendamentos pelo WhatsApp, preservando os dados reais já publicados.

Valor único: R$497 pelo redesign.
Hospedagem/manutenção: R$37,90 por mês.";"Oi, Adriana! Passando pra saber se você chegou a ver o site novo que te mandei.

Se tiver algo que você mudaria, uma cor, um texto, uma foto, eu ajusto pra ficar do seu jeito.";"Oi, Adriana! Só pra deixar claro, esse é o trabalho que eu faço: ajudo profissionais como você a terem um site que traz mais pacientes, clientes ou consultas e passa mais autoridade.

Fiz o seu como demonstração, sem compromisso.

Se fizer sentido, te explico como deixar ele no ar. Quer que eu te mande os detalhes?";"Oi, Adriana! Imagino que a correria da agenda tenha falado mais alto, sem problema.

Vou deixar o link no ar por mais 24 horas.

Se um dia quiser colocar no ar, é só me chamar que retomo na hora.

Sucesso!"
2026-07-23;28;Nutricionista;Niterói / São Gonçalo - RJ;Ana Carla Lopes;não verificado;não verificado;"WhatsApp público no site: (21) 9 8585-4733; anacarlalopesnutri@gmail.com";+5521985854733;https://anacarlalopesnutri.wixsite.com/website;https://www.google.com/maps/search/?api=1&query=Ana%20Carla%20Lopes%20Nutricionista%20Niter%C3%B3i%20S%C3%A3o%20Gon%C3%A7alo;"Nutricionista com WhatsApp e conteúdo real de consulta, mas site Wix antigo e CTA pouco refinado.";"Site Wix com texto longo sobre consulta, perguntas e CTA final; redesign pode reduzir rolagem e destacar bioimpedância, plano e WhatsApp.";"Site informa Ana Carla Lopes Nutricionista, consumo alimentar equilibrado, organização da rotina, primeira consulta de 1h com avaliação antropométrica por bioimpedância, fita métrica e adipômetro, plano alimentar em até 3 dias, suporte por WhatsApp, endereços em Icaraí e São Gonçalo.";"Consulta nutricional; avaliação antropométrica; bioimpedância; plano alimentar; suporte por WhatsApp; acompanhamento.";Descrição detalhada de método de atendimento e contato público no site.;"Wix antigo, texto extenso e imagens simples.";Ícones/imagens do site podem ser aproveitados.;ana-carla-lopes-nutricionista-niteroi-sao-goncalo-rj;Aguardando redesign individual;;D:\LEONARDO\Drive\Projetos\funil-comercial\prospeccao-ativa-2026-07-23\prints\ana-carla-lopes-nutricionista-niteroi-sao-goncalo-rj-maps.png;D:\LEONARDO\Drive\Projetos\funil-comercial\prospeccao-ativa-2026-07-23\prints\ana-carla-lopes-nutricionista-niteroi-sao-goncalo-rj-desktop.png;D:\LEONARDO\Drive\Projetos\funil-comercial\prospeccao-ativa-2026-07-23\prints\ana-carla-lopes-nutricionista-niteroi-sao-goncalo-rj-mobile.png;https://wa.me/5521985854733;LEAD_QUALIFICADO_AGUARDANDO_REDESIGN_INDIVIDUAL;;"Olá! Tudo bem?

Aqui é o Leonardo Brasil. Encontrei o seu site e preparei, sem compromisso, uma nova versão com visual mais moderno e pronta para celular.

Quer que eu te envie o link para ver como ficou?

Me envie uma mensagem no WhatsApp 51 99256-8861 que eu te mando o link:
https://wa.me/5551992568861

Rascunho operacional para Ana: quando houver redesign individual, usar [INSERIR_LINK_DO_REDESIGN_APOS_CRIACAO].";"Ana, resumindo: eu transformaria o site atual em uma página mais moderna, clara e focada em agendamentos pelo WhatsApp, preservando os dados reais já publicados.

Valor único: R$497 pelo redesign.
Hospedagem/manutenção: R$37,90 por mês.";"Oi, Ana! Passando pra saber se você chegou a ver o site novo que te mandei.

Se tiver algo que você mudaria, uma cor, um texto, uma foto, eu ajusto pra ficar do seu jeito.";"Oi, Ana! Só pra deixar claro, esse é o trabalho que eu faço: ajudo profissionais como você a terem um site que traz mais pacientes, clientes ou consultas e passa mais autoridade.

Fiz o seu como demonstração, sem compromisso.

Se fizer sentido, te explico como deixar ele no ar. Quer que eu te mande os detalhes?";"Oi, Ana! Imagino que a correria da agenda tenha falado mais alto, sem problema.

Vou deixar o link no ar por mais 24 horas.

Se um dia quiser colocar no ar, é só me chamar que retomo na hora.

Sucesso!"
2026-07-23;29;Terapeuta integrativa / Massoterapeuta;São Paulo - SP;Lígia Castro;não verificado;não verificado;"WhatsApp público no site: (11) 94061-6214; mlcastro.ligia@gmail.com";+5511940616214;https://mlcastroligia.wixsite.com/ligiacastro;https://www.google.com/maps/search/?api=1&query=L%C3%ADgia%20Castro%20terapeuta%20integrativa%20S%C3%A3o%20Paulo%20S%C3%A3o%20Mateus;"Terapeuta integrativa corporal com WhatsApp e serviços claros, mas site Wix com domínio improvisado.";"Site simples, com oferta boa porém pouco premium; redesign pode organizar terapias, formação, endereço e WhatsApp em experiência mais confiável.";"Site informa Lígia Castro, terapeuta integrativa corporal com mais de 5 anos de experiência, atendimento em São Paulo com acupuntura, shiatsu, massagem terapêutica, ventosas e florais de Bach, formação em Terapias Integrativas e Complementares, especializações em psicoterapia corporal e pós-graduação em Acupuntura pela EBRAMEC.";"Acupuntura; shiatsu; massagem terapêutica; ventosas; florais de Bach; terapias integrativas.";Mais de 5 anos de experiência e formações publicadas no site.;"Wix simples, acolhedor, com imagens de WhatsApp/Instagram.";Imagens do site podem orientar uma estética terapêutica mais profissional.;ligia-castro-terapeuta-integrativa-massoterapeuta-sao-paulo-sp;Aguardando redesign individual;;D:\LEONARDO\Drive\Projetos\funil-comercial\prospeccao-ativa-2026-07-23\prints\ligia-castro-terapeuta-integrativa-massoterapeuta-sao-paulo-sp-maps.png;D:\LEONARDO\Drive\Projetos\funil-comercial\prospeccao-ativa-2026-07-23\prints\ligia-castro-terapeuta-integrativa-massoterapeuta-sao-paulo-sp-desktop.png;D:\LEONARDO\Drive\Projetos\funil-comercial\prospeccao-ativa-2026-07-23\prints\ligia-castro-terapeuta-integrativa-massoterapeuta-sao-paulo-sp-mobile.png;https://wa.me/5511940616214;LEAD_QUALIFICADO_AGUARDANDO_REDESIGN_INDIVIDUAL;;"Olá! Tudo bem?

Aqui é o Leonardo Brasil. Encontrei o seu site e preparei, sem compromisso, uma nova versão com visual mais moderno e pronta para celular.

Quer que eu te envie o link para ver como ficou?

Me envie uma mensagem no WhatsApp 51 99256-8861 que eu te mando o link:
https://wa.me/5551992568861

Rascunho operacional para Lígia: quando houver redesign individual, usar [INSERIR_LINK_DO_REDESIGN_APOS_CRIACAO].";"Lígia, resumindo: eu transformaria o site atual em uma página mais moderna, clara e focada em agendamentos pelo WhatsApp, preservando os dados reais já publicados.

Valor único: R$497 pelo redesign.
Hospedagem/manutenção: R$37,90 por mês.";"Oi, Lígia! Passando pra saber se você chegou a ver o site novo que te mandei.

Se tiver algo que você mudaria, uma cor, um texto, uma foto, eu ajusto pra ficar do seu jeito.";"Oi, Lígia! Só pra deixar claro, esse é o trabalho que eu faço: ajudo profissionais como você a terem um site que traz mais pacientes, clientes ou consultas e passa mais autoridade.

Fiz o seu como demonstração, sem compromisso.

Se fizer sentido, te explico como deixar ele no ar. Quer que eu te mande os detalhes?";"Oi, Lígia! Imagino que a correria da agenda tenha falado mais alto, sem problema.

Vou deixar o link no ar por mais 24 horas.

Se um dia quiser colocar no ar, é só me chamar que retomo na hora.

Sucesso!"
2026-07-23;30;Massoterapeuta;São Paulo - SP;Fátima Olivieri;não verificado;não verificado;Telefone/WhatsApp público no site: (11) 97256-2459;+5511972562459;https://fatimaolivieri.wixsite.com/massoterapeuta;https://www.google.com/maps/search/?api=1&query=F%C3%A1tima%20Olivieri%20Massoterapeuta%20S%C3%A3o%20Paulo%20Higien%C3%B3polis;"Massoterapeuta individual com WhatsApp e serviço claro, mas site Wix simples com pouca diferenciação.";"Página tem oferta e endereço, mas visual pouco premium e baixa hierarquia de benefícios; redesign pode vender experiência de 120 minutos e WhatsApp.";"Site informa Massoterapeuta Fátima Olivieri, sessão de 120 minutos personalizada no corpo inteiro incluindo rosto, alívio de dores musculares, tensões, inchaço, relaxamento, alongamento e mobilidade, endereço Rua Itacolomi 333, Higienópolis, São Paulo, telefone WhatsApp.";"Massagem personalizada; alívio de dores musculares; relaxamento; alongamento; mobilidade; atendimento em Higienópolis.";"Serviço detalhado, endereço e WhatsApp publicados no site.";"Wix simples, foco em massoterapia e bem-estar.";Imagens do site podem ser usadas como referência para uma página mais premium.;fatima-olivieri-massoterapeuta-sao-paulo-sp;Aguardando redesign individual;;D:\LEONARDO\Drive\Projetos\funil-comercial\prospeccao-ativa-2026-07-23\prints\fatima-olivieri-massoterapeuta-sao-paulo-sp-maps.png;D:\LEONARDO\Drive\Projetos\funil-comercial\prospeccao-ativa-2026-07-23\prints\fatima-olivieri-massoterapeuta-sao-paulo-sp-desktop.png;D:\LEONARDO\Drive\Projetos\funil-comercial\prospeccao-ativa-2026-07-23\prints\fatima-olivieri-massoterapeuta-sao-paulo-sp-mobile.png;https://wa.me/5511972562459;LEAD_QUALIFICADO_AGUARDANDO_REDESIGN_INDIVIDUAL;;"Olá! Tudo bem?

Aqui é o Leonardo Brasil. Encontrei o seu site e preparei, sem compromisso, uma nova versão com visual mais moderno e pronta para celular.

Quer que eu te envie o link para ver como ficou?

Me envie uma mensagem no WhatsApp 51 99256-8861 que eu te mando o link:
https://wa.me/5551992568861

Rascunho operacional para Fátima: quando houver redesign individual, usar [INSERIR_LINK_DO_REDESIGN_APOS_CRIACAO].";"Fátima, resumindo: eu transformaria o site atual em uma página mais moderna, clara e focada em agendamentos pelo WhatsApp, preservando os dados reais já publicados.

Valor único: R$497 pelo redesign.
Hospedagem/manutenção: R$37,90 por mês.";"Oi, Fátima! Passando pra saber se você chegou a ver o site novo que te mandei.

Se tiver algo que você mudaria, uma cor, um texto, uma foto, eu ajusto pra ficar do seu jeito.";"Oi, Fátima! Só pra deixar claro, esse é o trabalho que eu faço: ajudo profissionais como você a terem um site que traz mais pacientes, clientes ou consultas e passa mais autoridade.

Fiz o seu como demonstração, sem compromisso.

Se fizer sentido, te explico como deixar ele no ar. Quer que eu te mande os detalhes?";"Oi, Fátima! Imagino que a correria da agenda tenha falado mais alto, sem problema.

Vou deixar o link no ar por mais 24 horas.

Se um dia quiser colocar no ar, é só me chamar que retomo na hora.

Sucesso!"